Ipsm.Iblquad.I_tst_bl.I0<0>.I_jcb,861,1
Ipsm.Iblquad.I_tst_bl.I0<1>.I_jcb,861,5
Ipsm.Iblquad.I_tst_bl.I0<2>.I_jcb,861,8
Ipsm.Iblquad.I_tst_bl.I0<3>.I_jcb,861,12
Ipsm.Iblquad.I_tst_bl.I3<0>.I_jcb,861,15
Ipsm.Iblquad.I_tst_bl.I3<1>.I_jcb,861,16
Ipsm.Iblquad.I_tst_bl.I3<2>.I_jcb,861,18
Ipsm.Iblquad.I_tst_bl.I3<3>.I_jcb,861,19
Ipsm.Iblquad.I_tst_bl.I4<0>.I_jcb,861,20
Ipsm.Iblquad.I_tst_bl.I4<1>.I_jcb,861,21
Ipsm.Iblquad.I_tst_bl.I4<2>.I_jcb,861,22
Ipsm.Iblquad.I_tst_bl.I4<3>.I_jcb,861,23
Ipsm.Iblquad.I_tst_bot<0>.I0<0>.I_jcb,887,27
Ipsm.Iblquad.I_tst_bot<0>.I0<1>.I_jcb,887,31
Ipsm.Iblquad.I_tst_bot<0>.I0<2>.I_jcb,887,34
Ipsm.Iblquad.I_tst_bot<0>.I0<3>.I_jcb,887,38
Ipsm.Iblquad.I_tst_bot<0>.I3<0>.I_jcb,887,41
Ipsm.Iblquad.I_tst_bot<0>.I3<1>.I_jcb,887,42
Ipsm.Iblquad.I_tst_bot<0>.I3<2>.I_jcb,887,44
Ipsm.Iblquad.I_tst_bot<0>.I3<3>.I_jcb,887,45
Ipsm.Iblquad.I_tst_bot<0>.I4<0>.I_jcb,887,46
Ipsm.Iblquad.I_tst_bot<0>.I4<1>.I_jcb,887,47
Ipsm.Iblquad.I_tst_bot<0>.I4<2>.I_jcb,887,48
Ipsm.Iblquad.I_tst_bot<0>.I4<3>.I_jcb,887,49
Ipsm.Iblquad.I_tst_bot<10>.I0<0>.I_jcb,887,287
Ipsm.Iblquad.I_tst_bot<10>.I0<1>.I_jcb,887,291
Ipsm.Iblquad.I_tst_bot<10>.I0<2>.I_jcb,887,294
Ipsm.Iblquad.I_tst_bot<10>.I0<3>.I_jcb,887,298
Ipsm.Iblquad.I_tst_bot<10>.I3<0>.I_jcb,887,301
Ipsm.Iblquad.I_tst_bot<10>.I3<1>.I_jcb,887,302
Ipsm.Iblquad.I_tst_bot<10>.I3<2>.I_jcb,887,304
Ipsm.Iblquad.I_tst_bot<10>.I3<3>.I_jcb,887,305
Ipsm.Iblquad.I_tst_bot<10>.I4<0>.I_jcb,887,306
Ipsm.Iblquad.I_tst_bot<10>.I4<1>.I_jcb,887,307
Ipsm.Iblquad.I_tst_bot<10>.I4<2>.I_jcb,887,308
Ipsm.Iblquad.I_tst_bot<10>.I4<3>.I_jcb,887,309
Ipsm.Iblquad.I_tst_bot<11>.I0<0>.I_jcb,887,313
Ipsm.Iblquad.I_tst_bot<11>.I0<1>.I_jcb,887,317
Ipsm.Iblquad.I_tst_bot<11>.I0<2>.I_jcb,887,320
Ipsm.Iblquad.I_tst_bot<11>.I0<3>.I_jcb,887,324
Ipsm.Iblquad.I_tst_bot<11>.I3<0>.I_jcb,887,327
Ipsm.Iblquad.I_tst_bot<11>.I3<1>.I_jcb,887,328
Ipsm.Iblquad.I_tst_bot<11>.I3<2>.I_jcb,887,330
Ipsm.Iblquad.I_tst_bot<11>.I3<3>.I_jcb,887,331
Ipsm.Iblquad.I_tst_bot<11>.I4<0>.I_jcb,887,332
Ipsm.Iblquad.I_tst_bot<11>.I4<1>.I_jcb,887,333
Ipsm.Iblquad.I_tst_bot<11>.I4<2>.I_jcb,887,334
Ipsm.Iblquad.I_tst_bot<11>.I4<3>.I_jcb,887,335
Ipsm.Iblquad.I_tst_bot<12>.I0<0>.I_jcb,887,339
Ipsm.Iblquad.I_tst_bot<12>.I0<1>.I_jcb,887,343
Ipsm.Iblquad.I_tst_bot<12>.I0<2>.I_jcb,887,346
Ipsm.Iblquad.I_tst_bot<12>.I0<3>.I_jcb,887,350
Ipsm.Iblquad.I_tst_bot<12>.I3<0>.I_jcb,887,353
Ipsm.Iblquad.I_tst_bot<12>.I3<1>.I_jcb,887,354
Ipsm.Iblquad.I_tst_bot<12>.I3<2>.I_jcb,887,356
Ipsm.Iblquad.I_tst_bot<12>.I3<3>.I_jcb,887,357
Ipsm.Iblquad.I_tst_bot<12>.I4<0>.I_jcb,887,358
Ipsm.Iblquad.I_tst_bot<12>.I4<1>.I_jcb,887,359
Ipsm.Iblquad.I_tst_bot<12>.I4<2>.I_jcb,887,360
Ipsm.Iblquad.I_tst_bot<12>.I4<3>.I_jcb,887,361
Ipsm.Iblquad.I_tst_bot<13>.I0<0>.I_jcb,887,365
Ipsm.Iblquad.I_tst_bot<13>.I0<1>.I_jcb,887,369
Ipsm.Iblquad.I_tst_bot<13>.I0<2>.I_jcb,887,372
Ipsm.Iblquad.I_tst_bot<13>.I0<3>.I_jcb,887,376
Ipsm.Iblquad.I_tst_bot<13>.I3<0>.I_jcb,887,379
Ipsm.Iblquad.I_tst_bot<13>.I3<1>.I_jcb,887,380
Ipsm.Iblquad.I_tst_bot<13>.I3<2>.I_jcb,887,382
Ipsm.Iblquad.I_tst_bot<13>.I3<3>.I_jcb,887,383
Ipsm.Iblquad.I_tst_bot<13>.I4<0>.I_jcb,887,384
Ipsm.Iblquad.I_tst_bot<13>.I4<1>.I_jcb,887,385
Ipsm.Iblquad.I_tst_bot<13>.I4<2>.I_jcb,887,386
Ipsm.Iblquad.I_tst_bot<13>.I4<3>.I_jcb,887,387
Ipsm.Iblquad.I_tst_bot<14>.I0<0>.I_jcb,887,391
Ipsm.Iblquad.I_tst_bot<14>.I0<1>.I_jcb,887,395
Ipsm.Iblquad.I_tst_bot<14>.I0<2>.I_jcb,887,398
Ipsm.Iblquad.I_tst_bot<14>.I0<3>.I_jcb,887,402
Ipsm.Iblquad.I_tst_bot<14>.I3<0>.I_jcb,887,405
Ipsm.Iblquad.I_tst_bot<14>.I3<1>.I_jcb,887,406
Ipsm.Iblquad.I_tst_bot<14>.I3<2>.I_jcb,887,408
Ipsm.Iblquad.I_tst_bot<14>.I3<3>.I_jcb,887,409
Ipsm.Iblquad.I_tst_bot<14>.I4<0>.I_jcb,887,410
Ipsm.Iblquad.I_tst_bot<14>.I4<1>.I_jcb,887,411
Ipsm.Iblquad.I_tst_bot<14>.I4<2>.I_jcb,887,412
Ipsm.Iblquad.I_tst_bot<14>.I4<3>.I_jcb,887,413
Ipsm.Iblquad.I_tst_bot<15>.I0<0>.I_jcb,887,417
Ipsm.Iblquad.I_tst_bot<15>.I0<1>.I_jcb,887,421
Ipsm.Iblquad.I_tst_bot<15>.I0<2>.I_jcb,887,424
Ipsm.Iblquad.I_tst_bot<15>.I0<3>.I_jcb,887,428
Ipsm.Iblquad.I_tst_bot<15>.I3<0>.I_jcb,887,431
Ipsm.Iblquad.I_tst_bot<15>.I3<1>.I_jcb,887,432
Ipsm.Iblquad.I_tst_bot<15>.I3<2>.I_jcb,887,434
Ipsm.Iblquad.I_tst_bot<15>.I3<3>.I_jcb,887,435
Ipsm.Iblquad.I_tst_bot<15>.I4<0>.I_jcb,887,436
Ipsm.Iblquad.I_tst_bot<15>.I4<1>.I_jcb,887,437
Ipsm.Iblquad.I_tst_bot<15>.I4<2>.I_jcb,887,438
Ipsm.Iblquad.I_tst_bot<15>.I4<3>.I_jcb,887,439
Ipsm.Iblquad.I_tst_bot<1>.I0<0>.I_jcb,887,53
Ipsm.Iblquad.I_tst_bot<1>.I0<1>.I_jcb,887,57
Ipsm.Iblquad.I_tst_bot<1>.I0<2>.I_jcb,887,60
Ipsm.Iblquad.I_tst_bot<1>.I0<3>.I_jcb,887,64
Ipsm.Iblquad.I_tst_bot<1>.I3<0>.I_jcb,887,67
Ipsm.Iblquad.I_tst_bot<1>.I3<1>.I_jcb,887,68
Ipsm.Iblquad.I_tst_bot<1>.I3<2>.I_jcb,887,70
Ipsm.Iblquad.I_tst_bot<1>.I3<3>.I_jcb,887,71
Ipsm.Iblquad.I_tst_bot<1>.I4<0>.I_jcb,887,72
Ipsm.Iblquad.I_tst_bot<1>.I4<1>.I_jcb,887,73
Ipsm.Iblquad.I_tst_bot<1>.I4<2>.I_jcb,887,74
Ipsm.Iblquad.I_tst_bot<1>.I4<3>.I_jcb,887,75
Ipsm.Iblquad.I_tst_bot<2>.I0<0>.I_jcb,887,79
Ipsm.Iblquad.I_tst_bot<2>.I0<1>.I_jcb,887,83
Ipsm.Iblquad.I_tst_bot<2>.I0<2>.I_jcb,887,86
Ipsm.Iblquad.I_tst_bot<2>.I0<3>.I_jcb,887,90
Ipsm.Iblquad.I_tst_bot<2>.I3<0>.I_jcb,887,93
Ipsm.Iblquad.I_tst_bot<2>.I3<1>.I_jcb,887,94
Ipsm.Iblquad.I_tst_bot<2>.I3<2>.I_jcb,887,96
Ipsm.Iblquad.I_tst_bot<2>.I3<3>.I_jcb,887,97
Ipsm.Iblquad.I_tst_bot<2>.I4<0>.I_jcb,887,98
Ipsm.Iblquad.I_tst_bot<2>.I4<1>.I_jcb,887,99
Ipsm.Iblquad.I_tst_bot<2>.I4<2>.I_jcb,887,100
Ipsm.Iblquad.I_tst_bot<2>.I4<3>.I_jcb,887,101
Ipsm.Iblquad.I_tst_bot<3>.I0<0>.I_jcb,887,105
Ipsm.Iblquad.I_tst_bot<3>.I0<1>.I_jcb,887,109
Ipsm.Iblquad.I_tst_bot<3>.I0<2>.I_jcb,887,112
Ipsm.Iblquad.I_tst_bot<3>.I0<3>.I_jcb,887,116
Ipsm.Iblquad.I_tst_bot<3>.I3<0>.I_jcb,887,119
Ipsm.Iblquad.I_tst_bot<3>.I3<1>.I_jcb,887,120
Ipsm.Iblquad.I_tst_bot<3>.I3<2>.I_jcb,887,122
Ipsm.Iblquad.I_tst_bot<3>.I3<3>.I_jcb,887,123
Ipsm.Iblquad.I_tst_bot<3>.I4<0>.I_jcb,887,124
Ipsm.Iblquad.I_tst_bot<3>.I4<1>.I_jcb,887,125
Ipsm.Iblquad.I_tst_bot<3>.I4<2>.I_jcb,887,126
Ipsm.Iblquad.I_tst_bot<3>.I4<3>.I_jcb,887,127
Ipsm.Iblquad.I_tst_bot<4>.I0<0>.I_jcb,887,131
Ipsm.Iblquad.I_tst_bot<4>.I0<1>.I_jcb,887,135
Ipsm.Iblquad.I_tst_bot<4>.I0<2>.I_jcb,887,138
Ipsm.Iblquad.I_tst_bot<4>.I0<3>.I_jcb,887,142
Ipsm.Iblquad.I_tst_bot<4>.I3<0>.I_jcb,887,145
Ipsm.Iblquad.I_tst_bot<4>.I3<1>.I_jcb,887,146
Ipsm.Iblquad.I_tst_bot<4>.I3<2>.I_jcb,887,148
Ipsm.Iblquad.I_tst_bot<4>.I3<3>.I_jcb,887,149
Ipsm.Iblquad.I_tst_bot<4>.I4<0>.I_jcb,887,150
Ipsm.Iblquad.I_tst_bot<4>.I4<1>.I_jcb,887,151
Ipsm.Iblquad.I_tst_bot<4>.I4<2>.I_jcb,887,152
Ipsm.Iblquad.I_tst_bot<4>.I4<3>.I_jcb,887,153
Ipsm.Iblquad.I_tst_bot<5>.I0<0>.I_jcb,887,157
Ipsm.Iblquad.I_tst_bot<5>.I0<1>.I_jcb,887,161
Ipsm.Iblquad.I_tst_bot<5>.I0<2>.I_jcb,887,164
Ipsm.Iblquad.I_tst_bot<5>.I0<3>.I_jcb,887,168
Ipsm.Iblquad.I_tst_bot<5>.I3<0>.I_jcb,887,171
Ipsm.Iblquad.I_tst_bot<5>.I3<1>.I_jcb,887,172
Ipsm.Iblquad.I_tst_bot<5>.I3<2>.I_jcb,887,174
Ipsm.Iblquad.I_tst_bot<5>.I3<3>.I_jcb,887,175
Ipsm.Iblquad.I_tst_bot<5>.I4<0>.I_jcb,887,176
Ipsm.Iblquad.I_tst_bot<5>.I4<1>.I_jcb,887,177
Ipsm.Iblquad.I_tst_bot<5>.I4<2>.I_jcb,887,178
Ipsm.Iblquad.I_tst_bot<5>.I4<3>.I_jcb,887,179
Ipsm.Iblquad.I_tst_bot<6>.I0<0>.I_jcb,887,183
Ipsm.Iblquad.I_tst_bot<6>.I0<1>.I_jcb,887,187
Ipsm.Iblquad.I_tst_bot<6>.I0<2>.I_jcb,887,190
Ipsm.Iblquad.I_tst_bot<6>.I0<3>.I_jcb,887,194
Ipsm.Iblquad.I_tst_bot<6>.I3<0>.I_jcb,887,197
Ipsm.Iblquad.I_tst_bot<6>.I3<1>.I_jcb,887,198
Ipsm.Iblquad.I_tst_bot<6>.I3<2>.I_jcb,887,200
Ipsm.Iblquad.I_tst_bot<6>.I3<3>.I_jcb,887,201
Ipsm.Iblquad.I_tst_bot<6>.I4<0>.I_jcb,887,202
Ipsm.Iblquad.I_tst_bot<6>.I4<1>.I_jcb,887,203
Ipsm.Iblquad.I_tst_bot<6>.I4<2>.I_jcb,887,204
Ipsm.Iblquad.I_tst_bot<6>.I4<3>.I_jcb,887,205
Ipsm.Iblquad.I_tst_bot<7>.I0<0>.I_jcb,887,209
Ipsm.Iblquad.I_tst_bot<7>.I0<1>.I_jcb,887,213
Ipsm.Iblquad.I_tst_bot<7>.I0<2>.I_jcb,887,216
Ipsm.Iblquad.I_tst_bot<7>.I0<3>.I_jcb,887,220
Ipsm.Iblquad.I_tst_bot<7>.I3<0>.I_jcb,887,223
Ipsm.Iblquad.I_tst_bot<7>.I3<1>.I_jcb,887,224
Ipsm.Iblquad.I_tst_bot<7>.I3<2>.I_jcb,887,226
Ipsm.Iblquad.I_tst_bot<7>.I3<3>.I_jcb,887,227
Ipsm.Iblquad.I_tst_bot<7>.I4<0>.I_jcb,887,228
Ipsm.Iblquad.I_tst_bot<7>.I4<1>.I_jcb,887,229
Ipsm.Iblquad.I_tst_bot<7>.I4<2>.I_jcb,887,230
Ipsm.Iblquad.I_tst_bot<7>.I4<3>.I_jcb,887,231
Ipsm.Iblquad.I_tst_bot<8>.I0<0>.I_jcb,887,235
Ipsm.Iblquad.I_tst_bot<8>.I0<1>.I_jcb,887,239
Ipsm.Iblquad.I_tst_bot<8>.I0<2>.I_jcb,887,242
Ipsm.Iblquad.I_tst_bot<8>.I0<3>.I_jcb,887,246
Ipsm.Iblquad.I_tst_bot<8>.I3<0>.I_jcb,887,249
Ipsm.Iblquad.I_tst_bot<8>.I3<1>.I_jcb,887,250
Ipsm.Iblquad.I_tst_bot<8>.I3<2>.I_jcb,887,252
Ipsm.Iblquad.I_tst_bot<8>.I3<3>.I_jcb,887,253
Ipsm.Iblquad.I_tst_bot<8>.I4<0>.I_jcb,887,254
Ipsm.Iblquad.I_tst_bot<8>.I4<1>.I_jcb,887,255
Ipsm.Iblquad.I_tst_bot<8>.I4<2>.I_jcb,887,256
Ipsm.Iblquad.I_tst_bot<8>.I4<3>.I_jcb,887,257
Ipsm.Iblquad.I_tst_bot<9>.I0<0>.I_jcb,887,261
Ipsm.Iblquad.I_tst_bot<9>.I0<1>.I_jcb,887,265
Ipsm.Iblquad.I_tst_bot<9>.I0<2>.I_jcb,887,268
Ipsm.Iblquad.I_tst_bot<9>.I0<3>.I_jcb,887,272
Ipsm.Iblquad.I_tst_bot<9>.I3<0>.I_jcb,887,275
Ipsm.Iblquad.I_tst_bot<9>.I3<1>.I_jcb,887,276
Ipsm.Iblquad.I_tst_bot<9>.I3<2>.I_jcb,887,278
Ipsm.Iblquad.I_tst_bot<9>.I3<3>.I_jcb,887,279
Ipsm.Iblquad.I_tst_bot<9>.I4<0>.I_jcb,887,280
Ipsm.Iblquad.I_tst_bot<9>.I4<1>.I_jcb,887,281
Ipsm.Iblquad.I_tst_bot<9>.I4<2>.I_jcb,887,282
Ipsm.Iblquad.I_tst_bot<9>.I4<3>.I_jcb,887,283
Ipsm.Iblquad.I_tst_lb.I0<0>.I_jcb,864,26
Ipsm.Iblquad.I_tst_lb.I0<1>.I_jcb,866,26
Ipsm.Iblquad.I_tst_lb.I0<2>.I_jcb,867,26
Ipsm.Iblquad.I_tst_lb.I0<3>.I_jcb,869,26
Ipsm.Iblquad.I_tst_lb.I3<0>.I_jcb,871,26
Ipsm.Iblquad.I_tst_lb.I3<1>.I_jcb,872,26
Ipsm.Iblquad.I_tst_lb.I3<2>.I_jcb,874,26
Ipsm.Iblquad.I_tst_lb.I3<3>.I_jcb,876,26
Ipsm.Iblquad.I_tst_lb.I4<0>.I_jcb,878,26
Ipsm.Iblquad.I_tst_lb.I4<1>.I_jcb,880,26
Ipsm.Iblquad.I_tst_lb.I4<2>.I_jcb,882,26
Ipsm.Iblquad.I_tst_lb.I4<3>.I_jcb,883,26
Ipsm.Iblquad.I_tst_left<0>.I0<0>.I_jcb,447,0
Ipsm.Iblquad.I_tst_left<0>.I0<1>.I_jcb,449,0
Ipsm.Iblquad.I_tst_left<0>.I0<2>.I_jcb,450,0
Ipsm.Iblquad.I_tst_left<0>.I0<3>.I_jcb,452,0
Ipsm.Iblquad.I_tst_left<0>.I3<0>.I_jcb,454,0
Ipsm.Iblquad.I_tst_left<0>.I3<1>.I_jcb,455,0
Ipsm.Iblquad.I_tst_left<0>.I3<2>.I_jcb,457,0
Ipsm.Iblquad.I_tst_left<0>.I3<3>.I_jcb,459,0
Ipsm.Iblquad.I_tst_left<0>.I4<0>.I_jcb,461,0
Ipsm.Iblquad.I_tst_left<0>.I4<1>.I_jcb,463,0
Ipsm.Iblquad.I_tst_left<0>.I4<2>.I_jcb,465,0
Ipsm.Iblquad.I_tst_left<0>.I4<3>.I_jcb,466,0
Ipsm.Iblquad.I_tst_left<10>.I0<0>.I_jcb,708,0
Ipsm.Iblquad.I_tst_left<10>.I0<1>.I_jcb,710,0
Ipsm.Iblquad.I_tst_left<10>.I0<2>.I_jcb,711,0
Ipsm.Iblquad.I_tst_left<10>.I0<3>.I_jcb,713,0
Ipsm.Iblquad.I_tst_left<10>.I3<0>.I_jcb,715,0
Ipsm.Iblquad.I_tst_left<10>.I3<1>.I_jcb,716,0
Ipsm.Iblquad.I_tst_left<10>.I3<2>.I_jcb,718,0
Ipsm.Iblquad.I_tst_left<10>.I3<3>.I_jcb,720,0
Ipsm.Iblquad.I_tst_left<10>.I4<0>.I_jcb,722,0
Ipsm.Iblquad.I_tst_left<10>.I4<1>.I_jcb,724,0
Ipsm.Iblquad.I_tst_left<10>.I4<2>.I_jcb,726,0
Ipsm.Iblquad.I_tst_left<10>.I4<3>.I_jcb,727,0
Ipsm.Iblquad.I_tst_left<11>.I0<0>.I_jcb,734,0
Ipsm.Iblquad.I_tst_left<11>.I0<1>.I_jcb,736,0
Ipsm.Iblquad.I_tst_left<11>.I0<2>.I_jcb,737,0
Ipsm.Iblquad.I_tst_left<11>.I0<3>.I_jcb,739,0
Ipsm.Iblquad.I_tst_left<11>.I3<0>.I_jcb,741,0
Ipsm.Iblquad.I_tst_left<11>.I3<1>.I_jcb,742,0
Ipsm.Iblquad.I_tst_left<11>.I3<2>.I_jcb,744,0
Ipsm.Iblquad.I_tst_left<11>.I3<3>.I_jcb,746,0
Ipsm.Iblquad.I_tst_left<11>.I4<0>.I_jcb,748,0
Ipsm.Iblquad.I_tst_left<11>.I4<1>.I_jcb,750,0
Ipsm.Iblquad.I_tst_left<11>.I4<2>.I_jcb,752,0
Ipsm.Iblquad.I_tst_left<11>.I4<3>.I_jcb,753,0
Ipsm.Iblquad.I_tst_left<12>.I0<0>.I_jcb,760,0
Ipsm.Iblquad.I_tst_left<12>.I0<1>.I_jcb,762,0
Ipsm.Iblquad.I_tst_left<12>.I0<2>.I_jcb,763,0
Ipsm.Iblquad.I_tst_left<12>.I0<3>.I_jcb,765,0
Ipsm.Iblquad.I_tst_left<12>.I3<0>.I_jcb,767,0
Ipsm.Iblquad.I_tst_left<12>.I3<1>.I_jcb,768,0
Ipsm.Iblquad.I_tst_left<12>.I3<2>.I_jcb,770,0
Ipsm.Iblquad.I_tst_left<12>.I3<3>.I_jcb,772,0
Ipsm.Iblquad.I_tst_left<12>.I4<0>.I_jcb,774,0
Ipsm.Iblquad.I_tst_left<12>.I4<1>.I_jcb,776,0
Ipsm.Iblquad.I_tst_left<12>.I4<2>.I_jcb,778,0
Ipsm.Iblquad.I_tst_left<12>.I4<3>.I_jcb,779,0
Ipsm.Iblquad.I_tst_left<13>.I0<0>.I_jcb,786,0
Ipsm.Iblquad.I_tst_left<13>.I0<1>.I_jcb,788,0
Ipsm.Iblquad.I_tst_left<13>.I0<2>.I_jcb,789,0
Ipsm.Iblquad.I_tst_left<13>.I0<3>.I_jcb,791,0
Ipsm.Iblquad.I_tst_left<13>.I3<0>.I_jcb,793,0
Ipsm.Iblquad.I_tst_left<13>.I3<1>.I_jcb,794,0
Ipsm.Iblquad.I_tst_left<13>.I3<2>.I_jcb,796,0
Ipsm.Iblquad.I_tst_left<13>.I3<3>.I_jcb,798,0
Ipsm.Iblquad.I_tst_left<13>.I4<0>.I_jcb,800,0
Ipsm.Iblquad.I_tst_left<13>.I4<1>.I_jcb,802,0
Ipsm.Iblquad.I_tst_left<13>.I4<2>.I_jcb,804,0
Ipsm.Iblquad.I_tst_left<13>.I4<3>.I_jcb,805,0
Ipsm.Iblquad.I_tst_left<14>.I0<0>.I_jcb,812,0
Ipsm.Iblquad.I_tst_left<14>.I0<1>.I_jcb,814,0
Ipsm.Iblquad.I_tst_left<14>.I0<2>.I_jcb,815,0
Ipsm.Iblquad.I_tst_left<14>.I0<3>.I_jcb,817,0
Ipsm.Iblquad.I_tst_left<14>.I3<0>.I_jcb,819,0
Ipsm.Iblquad.I_tst_left<14>.I3<1>.I_jcb,820,0
Ipsm.Iblquad.I_tst_left<14>.I3<2>.I_jcb,822,0
Ipsm.Iblquad.I_tst_left<14>.I3<3>.I_jcb,824,0
Ipsm.Iblquad.I_tst_left<14>.I4<0>.I_jcb,826,0
Ipsm.Iblquad.I_tst_left<14>.I4<1>.I_jcb,828,0
Ipsm.Iblquad.I_tst_left<14>.I4<2>.I_jcb,830,0
Ipsm.Iblquad.I_tst_left<14>.I4<3>.I_jcb,831,0
Ipsm.Iblquad.I_tst_left<15>.I0<0>.I_jcb,838,0
Ipsm.Iblquad.I_tst_left<15>.I0<1>.I_jcb,840,0
Ipsm.Iblquad.I_tst_left<15>.I0<2>.I_jcb,841,0
Ipsm.Iblquad.I_tst_left<15>.I0<3>.I_jcb,843,0
Ipsm.Iblquad.I_tst_left<15>.I3<0>.I_jcb,845,0
Ipsm.Iblquad.I_tst_left<15>.I3<1>.I_jcb,846,0
Ipsm.Iblquad.I_tst_left<15>.I3<2>.I_jcb,848,0
Ipsm.Iblquad.I_tst_left<15>.I3<3>.I_jcb,850,0
Ipsm.Iblquad.I_tst_left<15>.I4<0>.I_jcb,852,0
Ipsm.Iblquad.I_tst_left<15>.I4<1>.I_jcb,854,0
Ipsm.Iblquad.I_tst_left<15>.I4<2>.I_jcb,856,0
Ipsm.Iblquad.I_tst_left<15>.I4<3>.I_jcb,857,0
Ipsm.Iblquad.I_tst_left<1>.I0<0>.I_jcb,473,0
Ipsm.Iblquad.I_tst_left<1>.I0<1>.I_jcb,475,0
Ipsm.Iblquad.I_tst_left<1>.I0<2>.I_jcb,476,0
Ipsm.Iblquad.I_tst_left<1>.I0<3>.I_jcb,478,0
Ipsm.Iblquad.I_tst_left<1>.I3<0>.I_jcb,480,0
Ipsm.Iblquad.I_tst_left<1>.I3<1>.I_jcb,481,0
Ipsm.Iblquad.I_tst_left<1>.I3<2>.I_jcb,483,0
Ipsm.Iblquad.I_tst_left<1>.I3<3>.I_jcb,485,0
Ipsm.Iblquad.I_tst_left<1>.I4<0>.I_jcb,487,0
Ipsm.Iblquad.I_tst_left<1>.I4<1>.I_jcb,489,0
Ipsm.Iblquad.I_tst_left<1>.I4<2>.I_jcb,491,0
Ipsm.Iblquad.I_tst_left<1>.I4<3>.I_jcb,492,0
Ipsm.Iblquad.I_tst_left<2>.I0<0>.I_jcb,499,0
Ipsm.Iblquad.I_tst_left<2>.I0<1>.I_jcb,501,0
Ipsm.Iblquad.I_tst_left<2>.I0<2>.I_jcb,502,0
Ipsm.Iblquad.I_tst_left<2>.I0<3>.I_jcb,504,0
Ipsm.Iblquad.I_tst_left<2>.I3<0>.I_jcb,506,0
Ipsm.Iblquad.I_tst_left<2>.I3<1>.I_jcb,507,0
Ipsm.Iblquad.I_tst_left<2>.I3<2>.I_jcb,509,0
Ipsm.Iblquad.I_tst_left<2>.I3<3>.I_jcb,511,0
Ipsm.Iblquad.I_tst_left<2>.I4<0>.I_jcb,513,0
Ipsm.Iblquad.I_tst_left<2>.I4<1>.I_jcb,515,0
Ipsm.Iblquad.I_tst_left<2>.I4<2>.I_jcb,517,0
Ipsm.Iblquad.I_tst_left<2>.I4<3>.I_jcb,518,0
Ipsm.Iblquad.I_tst_left<3>.I0<0>.I_jcb,525,0
Ipsm.Iblquad.I_tst_left<3>.I0<1>.I_jcb,527,0
Ipsm.Iblquad.I_tst_left<3>.I0<2>.I_jcb,528,0
Ipsm.Iblquad.I_tst_left<3>.I0<3>.I_jcb,530,0
Ipsm.Iblquad.I_tst_left<3>.I3<0>.I_jcb,532,0
Ipsm.Iblquad.I_tst_left<3>.I3<1>.I_jcb,533,0
Ipsm.Iblquad.I_tst_left<3>.I3<2>.I_jcb,535,0
Ipsm.Iblquad.I_tst_left<3>.I3<3>.I_jcb,537,0
Ipsm.Iblquad.I_tst_left<3>.I4<0>.I_jcb,539,0
Ipsm.Iblquad.I_tst_left<3>.I4<1>.I_jcb,541,0
Ipsm.Iblquad.I_tst_left<3>.I4<2>.I_jcb,543,0
Ipsm.Iblquad.I_tst_left<3>.I4<3>.I_jcb,544,0
Ipsm.Iblquad.I_tst_left<4>.I0<0>.I_jcb,551,0
Ipsm.Iblquad.I_tst_left<4>.I0<1>.I_jcb,553,0
Ipsm.Iblquad.I_tst_left<4>.I0<2>.I_jcb,554,0
Ipsm.Iblquad.I_tst_left<4>.I0<3>.I_jcb,556,0
Ipsm.Iblquad.I_tst_left<4>.I3<0>.I_jcb,558,0
Ipsm.Iblquad.I_tst_left<4>.I3<1>.I_jcb,559,0
Ipsm.Iblquad.I_tst_left<4>.I3<2>.I_jcb,561,0
Ipsm.Iblquad.I_tst_left<4>.I3<3>.I_jcb,563,0
Ipsm.Iblquad.I_tst_left<4>.I4<0>.I_jcb,565,0
Ipsm.Iblquad.I_tst_left<4>.I4<1>.I_jcb,567,0
Ipsm.Iblquad.I_tst_left<4>.I4<2>.I_jcb,569,0
Ipsm.Iblquad.I_tst_left<4>.I4<3>.I_jcb,570,0
Ipsm.Iblquad.I_tst_left<5>.I0<0>.I_jcb,577,0
Ipsm.Iblquad.I_tst_left<5>.I0<1>.I_jcb,579,0
Ipsm.Iblquad.I_tst_left<5>.I0<2>.I_jcb,580,0
Ipsm.Iblquad.I_tst_left<5>.I0<3>.I_jcb,582,0
Ipsm.Iblquad.I_tst_left<5>.I3<0>.I_jcb,584,0
Ipsm.Iblquad.I_tst_left<5>.I3<1>.I_jcb,585,0
Ipsm.Iblquad.I_tst_left<5>.I3<2>.I_jcb,587,0
Ipsm.Iblquad.I_tst_left<5>.I3<3>.I_jcb,589,0
Ipsm.Iblquad.I_tst_left<5>.I4<0>.I_jcb,591,0
Ipsm.Iblquad.I_tst_left<5>.I4<1>.I_jcb,593,0
Ipsm.Iblquad.I_tst_left<5>.I4<2>.I_jcb,595,0
Ipsm.Iblquad.I_tst_left<5>.I4<3>.I_jcb,596,0
Ipsm.Iblquad.I_tst_left<6>.I0<0>.I_jcb,603,0
Ipsm.Iblquad.I_tst_left<6>.I0<1>.I_jcb,605,0
Ipsm.Iblquad.I_tst_left<6>.I0<2>.I_jcb,606,0
Ipsm.Iblquad.I_tst_left<6>.I0<3>.I_jcb,608,0
Ipsm.Iblquad.I_tst_left<6>.I3<0>.I_jcb,610,0
Ipsm.Iblquad.I_tst_left<6>.I3<1>.I_jcb,611,0
Ipsm.Iblquad.I_tst_left<6>.I3<2>.I_jcb,613,0
Ipsm.Iblquad.I_tst_left<6>.I3<3>.I_jcb,615,0
Ipsm.Iblquad.I_tst_left<6>.I4<0>.I_jcb,617,0
Ipsm.Iblquad.I_tst_left<6>.I4<1>.I_jcb,619,0
Ipsm.Iblquad.I_tst_left<6>.I4<2>.I_jcb,621,0
Ipsm.Iblquad.I_tst_left<6>.I4<3>.I_jcb,622,0
Ipsm.Iblquad.I_tst_left<7>.I0<0>.I_jcb,629,0
Ipsm.Iblquad.I_tst_left<7>.I0<1>.I_jcb,631,0
Ipsm.Iblquad.I_tst_left<7>.I0<2>.I_jcb,632,0
Ipsm.Iblquad.I_tst_left<7>.I0<3>.I_jcb,634,0
Ipsm.Iblquad.I_tst_left<7>.I3<0>.I_jcb,636,0
Ipsm.Iblquad.I_tst_left<7>.I3<1>.I_jcb,637,0
Ipsm.Iblquad.I_tst_left<7>.I3<2>.I_jcb,639,0
Ipsm.Iblquad.I_tst_left<7>.I3<3>.I_jcb,641,0
Ipsm.Iblquad.I_tst_left<7>.I4<0>.I_jcb,643,0
Ipsm.Iblquad.I_tst_left<7>.I4<1>.I_jcb,645,0
Ipsm.Iblquad.I_tst_left<7>.I4<2>.I_jcb,647,0
Ipsm.Iblquad.I_tst_left<7>.I4<3>.I_jcb,648,0
Ipsm.Iblquad.I_tst_left<8>.I0<0>.I_jcb,656,0
Ipsm.Iblquad.I_tst_left<8>.I0<1>.I_jcb,658,0
Ipsm.Iblquad.I_tst_left<8>.I0<2>.I_jcb,659,0
Ipsm.Iblquad.I_tst_left<8>.I0<3>.I_jcb,661,0
Ipsm.Iblquad.I_tst_left<8>.I3<0>.I_jcb,663,0
Ipsm.Iblquad.I_tst_left<8>.I3<1>.I_jcb,664,0
Ipsm.Iblquad.I_tst_left<8>.I3<2>.I_jcb,666,0
Ipsm.Iblquad.I_tst_left<8>.I3<3>.I_jcb,668,0
Ipsm.Iblquad.I_tst_left<8>.I4<0>.I_jcb,670,0
Ipsm.Iblquad.I_tst_left<8>.I4<1>.I_jcb,672,0
Ipsm.Iblquad.I_tst_left<8>.I4<2>.I_jcb,674,0
Ipsm.Iblquad.I_tst_left<8>.I4<3>.I_jcb,675,0
Ipsm.Iblquad.I_tst_left<9>.I0<0>.I_jcb,682,0
Ipsm.Iblquad.I_tst_left<9>.I0<1>.I_jcb,684,0
Ipsm.Iblquad.I_tst_left<9>.I0<2>.I_jcb,685,0
Ipsm.Iblquad.I_tst_left<9>.I0<3>.I_jcb,687,0
Ipsm.Iblquad.I_tst_left<9>.I3<0>.I_jcb,689,0
Ipsm.Iblquad.I_tst_left<9>.I3<1>.I_jcb,690,0
Ipsm.Iblquad.I_tst_left<9>.I3<2>.I_jcb,692,0
Ipsm.Iblquad.I_tst_left<9>.I3<3>.I_jcb,694,0
Ipsm.Iblquad.I_tst_left<9>.I4<0>.I_jcb,696,0
Ipsm.Iblquad.I_tst_left<9>.I4<1>.I_jcb,698,0
Ipsm.Iblquad.I_tst_left<9>.I4<2>.I_jcb,700,0
Ipsm.Iblquad.I_tst_left<9>.I4<3>.I_jcb,701,0
Ipsm.Ibrquad.I_tst_bot<0>.I0<0>.I_jcb,887,443
Ipsm.Ibrquad.I_tst_bot<0>.I0<1>.I_jcb,887,447
Ipsm.Ibrquad.I_tst_bot<0>.I0<2>.I_jcb,887,450
Ipsm.Ibrquad.I_tst_bot<0>.I0<3>.I_jcb,887,454
Ipsm.Ibrquad.I_tst_bot<0>.I3<0>.I_jcb,887,457
Ipsm.Ibrquad.I_tst_bot<0>.I3<1>.I_jcb,887,458
Ipsm.Ibrquad.I_tst_bot<0>.I3<2>.I_jcb,887,460
Ipsm.Ibrquad.I_tst_bot<0>.I3<3>.I_jcb,887,461
Ipsm.Ibrquad.I_tst_bot<0>.I4<0>.I_jcb,887,462
Ipsm.Ibrquad.I_tst_bot<0>.I4<1>.I_jcb,887,463
Ipsm.Ibrquad.I_tst_bot<0>.I4<2>.I_jcb,887,464
Ipsm.Ibrquad.I_tst_bot<0>.I4<3>.I_jcb,887,465
Ipsm.Ibrquad.I_tst_bot<10>.I0<0>.I_jcb,887,703
Ipsm.Ibrquad.I_tst_bot<10>.I0<1>.I_jcb,887,707
Ipsm.Ibrquad.I_tst_bot<10>.I0<2>.I_jcb,887,710
Ipsm.Ibrquad.I_tst_bot<10>.I0<3>.I_jcb,887,714
Ipsm.Ibrquad.I_tst_bot<10>.I3<0>.I_jcb,887,717
Ipsm.Ibrquad.I_tst_bot<10>.I3<1>.I_jcb,887,718
Ipsm.Ibrquad.I_tst_bot<10>.I3<2>.I_jcb,887,720
Ipsm.Ibrquad.I_tst_bot<10>.I3<3>.I_jcb,887,721
Ipsm.Ibrquad.I_tst_bot<10>.I4<0>.I_jcb,887,722
Ipsm.Ibrquad.I_tst_bot<10>.I4<1>.I_jcb,887,723
Ipsm.Ibrquad.I_tst_bot<10>.I4<2>.I_jcb,887,724
Ipsm.Ibrquad.I_tst_bot<10>.I4<3>.I_jcb,887,725
Ipsm.Ibrquad.I_tst_bot<11>.I0<0>.I_jcb,887,729
Ipsm.Ibrquad.I_tst_bot<11>.I0<1>.I_jcb,887,733
Ipsm.Ibrquad.I_tst_bot<11>.I0<2>.I_jcb,887,736
Ipsm.Ibrquad.I_tst_bot<11>.I0<3>.I_jcb,887,740
Ipsm.Ibrquad.I_tst_bot<11>.I3<0>.I_jcb,887,743
Ipsm.Ibrquad.I_tst_bot<11>.I3<1>.I_jcb,887,744
Ipsm.Ibrquad.I_tst_bot<11>.I3<2>.I_jcb,887,746
Ipsm.Ibrquad.I_tst_bot<11>.I3<3>.I_jcb,887,747
Ipsm.Ibrquad.I_tst_bot<11>.I4<0>.I_jcb,887,748
Ipsm.Ibrquad.I_tst_bot<11>.I4<1>.I_jcb,887,749
Ipsm.Ibrquad.I_tst_bot<11>.I4<2>.I_jcb,887,750
Ipsm.Ibrquad.I_tst_bot<11>.I4<3>.I_jcb,887,751
Ipsm.Ibrquad.I_tst_bot<12>.I0<0>.I_jcb,887,755
Ipsm.Ibrquad.I_tst_bot<12>.I0<1>.I_jcb,887,759
Ipsm.Ibrquad.I_tst_bot<12>.I0<2>.I_jcb,887,762
Ipsm.Ibrquad.I_tst_bot<12>.I0<3>.I_jcb,887,766
Ipsm.Ibrquad.I_tst_bot<12>.I3<0>.I_jcb,887,769
Ipsm.Ibrquad.I_tst_bot<12>.I3<1>.I_jcb,887,770
Ipsm.Ibrquad.I_tst_bot<12>.I3<2>.I_jcb,887,772
Ipsm.Ibrquad.I_tst_bot<12>.I3<3>.I_jcb,887,773
Ipsm.Ibrquad.I_tst_bot<12>.I4<0>.I_jcb,887,774
Ipsm.Ibrquad.I_tst_bot<12>.I4<1>.I_jcb,887,775
Ipsm.Ibrquad.I_tst_bot<12>.I4<2>.I_jcb,887,776
Ipsm.Ibrquad.I_tst_bot<12>.I4<3>.I_jcb,887,777
Ipsm.Ibrquad.I_tst_bot<13>.I0<0>.I_jcb,887,781
Ipsm.Ibrquad.I_tst_bot<13>.I0<1>.I_jcb,887,785
Ipsm.Ibrquad.I_tst_bot<13>.I0<2>.I_jcb,887,788
Ipsm.Ibrquad.I_tst_bot<13>.I0<3>.I_jcb,887,792
Ipsm.Ibrquad.I_tst_bot<13>.I3<0>.I_jcb,887,795
Ipsm.Ibrquad.I_tst_bot<13>.I3<1>.I_jcb,887,796
Ipsm.Ibrquad.I_tst_bot<13>.I3<2>.I_jcb,887,798
Ipsm.Ibrquad.I_tst_bot<13>.I3<3>.I_jcb,887,799
Ipsm.Ibrquad.I_tst_bot<13>.I4<0>.I_jcb,887,800
Ipsm.Ibrquad.I_tst_bot<13>.I4<1>.I_jcb,887,801
Ipsm.Ibrquad.I_tst_bot<13>.I4<2>.I_jcb,887,802
Ipsm.Ibrquad.I_tst_bot<13>.I4<3>.I_jcb,887,803
Ipsm.Ibrquad.I_tst_bot<14>.I0<0>.I_jcb,887,807
Ipsm.Ibrquad.I_tst_bot<14>.I0<1>.I_jcb,887,811
Ipsm.Ibrquad.I_tst_bot<14>.I0<2>.I_jcb,887,814
Ipsm.Ibrquad.I_tst_bot<14>.I0<3>.I_jcb,887,818
Ipsm.Ibrquad.I_tst_bot<14>.I3<0>.I_jcb,887,821
Ipsm.Ibrquad.I_tst_bot<14>.I3<1>.I_jcb,887,822
Ipsm.Ibrquad.I_tst_bot<14>.I3<2>.I_jcb,887,824
Ipsm.Ibrquad.I_tst_bot<14>.I3<3>.I_jcb,887,825
Ipsm.Ibrquad.I_tst_bot<14>.I4<0>.I_jcb,887,826
Ipsm.Ibrquad.I_tst_bot<14>.I4<1>.I_jcb,887,827
Ipsm.Ibrquad.I_tst_bot<14>.I4<2>.I_jcb,887,828
Ipsm.Ibrquad.I_tst_bot<14>.I4<3>.I_jcb,887,829
Ipsm.Ibrquad.I_tst_bot<15>.I0<0>.I_jcb,887,833
Ipsm.Ibrquad.I_tst_bot<15>.I0<1>.I_jcb,887,837
Ipsm.Ibrquad.I_tst_bot<15>.I0<2>.I_jcb,887,840
Ipsm.Ibrquad.I_tst_bot<15>.I0<3>.I_jcb,887,844
Ipsm.Ibrquad.I_tst_bot<15>.I3<0>.I_jcb,887,847
Ipsm.Ibrquad.I_tst_bot<15>.I3<1>.I_jcb,887,848
Ipsm.Ibrquad.I_tst_bot<15>.I3<2>.I_jcb,887,850
Ipsm.Ibrquad.I_tst_bot<15>.I3<3>.I_jcb,887,851
Ipsm.Ibrquad.I_tst_bot<15>.I4<0>.I_jcb,887,852
Ipsm.Ibrquad.I_tst_bot<15>.I4<1>.I_jcb,887,853
Ipsm.Ibrquad.I_tst_bot<15>.I4<2>.I_jcb,887,854
Ipsm.Ibrquad.I_tst_bot<15>.I4<3>.I_jcb,887,855
Ipsm.Ibrquad.I_tst_bot<1>.I0<0>.I_jcb,887,469
Ipsm.Ibrquad.I_tst_bot<1>.I0<1>.I_jcb,887,473
Ipsm.Ibrquad.I_tst_bot<1>.I0<2>.I_jcb,887,476
Ipsm.Ibrquad.I_tst_bot<1>.I0<3>.I_jcb,887,480
Ipsm.Ibrquad.I_tst_bot<1>.I3<0>.I_jcb,887,483
Ipsm.Ibrquad.I_tst_bot<1>.I3<1>.I_jcb,887,484
Ipsm.Ibrquad.I_tst_bot<1>.I3<2>.I_jcb,887,486
Ipsm.Ibrquad.I_tst_bot<1>.I3<3>.I_jcb,887,487
Ipsm.Ibrquad.I_tst_bot<1>.I4<0>.I_jcb,887,488
Ipsm.Ibrquad.I_tst_bot<1>.I4<1>.I_jcb,887,489
Ipsm.Ibrquad.I_tst_bot<1>.I4<2>.I_jcb,887,490
Ipsm.Ibrquad.I_tst_bot<1>.I4<3>.I_jcb,887,491
Ipsm.Ibrquad.I_tst_bot<2>.I0<0>.I_jcb,887,495
Ipsm.Ibrquad.I_tst_bot<2>.I0<1>.I_jcb,887,499
Ipsm.Ibrquad.I_tst_bot<2>.I0<2>.I_jcb,887,502
Ipsm.Ibrquad.I_tst_bot<2>.I0<3>.I_jcb,887,506
Ipsm.Ibrquad.I_tst_bot<2>.I3<0>.I_jcb,887,509
Ipsm.Ibrquad.I_tst_bot<2>.I3<1>.I_jcb,887,510
Ipsm.Ibrquad.I_tst_bot<2>.I3<2>.I_jcb,887,512
Ipsm.Ibrquad.I_tst_bot<2>.I3<3>.I_jcb,887,513
Ipsm.Ibrquad.I_tst_bot<2>.I4<0>.I_jcb,887,514
Ipsm.Ibrquad.I_tst_bot<2>.I4<1>.I_jcb,887,515
Ipsm.Ibrquad.I_tst_bot<2>.I4<2>.I_jcb,887,516
Ipsm.Ibrquad.I_tst_bot<2>.I4<3>.I_jcb,887,517
Ipsm.Ibrquad.I_tst_bot<3>.I0<0>.I_jcb,887,521
Ipsm.Ibrquad.I_tst_bot<3>.I0<1>.I_jcb,887,525
Ipsm.Ibrquad.I_tst_bot<3>.I0<2>.I_jcb,887,528
Ipsm.Ibrquad.I_tst_bot<3>.I0<3>.I_jcb,887,532
Ipsm.Ibrquad.I_tst_bot<3>.I3<0>.I_jcb,887,535
Ipsm.Ibrquad.I_tst_bot<3>.I3<1>.I_jcb,887,536
Ipsm.Ibrquad.I_tst_bot<3>.I3<2>.I_jcb,887,538
Ipsm.Ibrquad.I_tst_bot<3>.I3<3>.I_jcb,887,539
Ipsm.Ibrquad.I_tst_bot<3>.I4<0>.I_jcb,887,540
Ipsm.Ibrquad.I_tst_bot<3>.I4<1>.I_jcb,887,541
Ipsm.Ibrquad.I_tst_bot<3>.I4<2>.I_jcb,887,542
Ipsm.Ibrquad.I_tst_bot<3>.I4<3>.I_jcb,887,543
Ipsm.Ibrquad.I_tst_bot<4>.I0<0>.I_jcb,887,547
Ipsm.Ibrquad.I_tst_bot<4>.I0<1>.I_jcb,887,551
Ipsm.Ibrquad.I_tst_bot<4>.I0<2>.I_jcb,887,554
Ipsm.Ibrquad.I_tst_bot<4>.I0<3>.I_jcb,887,558
Ipsm.Ibrquad.I_tst_bot<4>.I3<0>.I_jcb,887,561
Ipsm.Ibrquad.I_tst_bot<4>.I3<1>.I_jcb,887,562
Ipsm.Ibrquad.I_tst_bot<4>.I3<2>.I_jcb,887,564
Ipsm.Ibrquad.I_tst_bot<4>.I3<3>.I_jcb,887,565
Ipsm.Ibrquad.I_tst_bot<4>.I4<0>.I_jcb,887,566
Ipsm.Ibrquad.I_tst_bot<4>.I4<1>.I_jcb,887,567
Ipsm.Ibrquad.I_tst_bot<4>.I4<2>.I_jcb,887,568
Ipsm.Ibrquad.I_tst_bot<4>.I4<3>.I_jcb,887,569
Ipsm.Ibrquad.I_tst_bot<5>.I0<0>.I_jcb,887,573
Ipsm.Ibrquad.I_tst_bot<5>.I0<1>.I_jcb,887,577
Ipsm.Ibrquad.I_tst_bot<5>.I0<2>.I_jcb,887,580
Ipsm.Ibrquad.I_tst_bot<5>.I0<3>.I_jcb,887,584
Ipsm.Ibrquad.I_tst_bot<5>.I3<0>.I_jcb,887,587
Ipsm.Ibrquad.I_tst_bot<5>.I3<1>.I_jcb,887,588
Ipsm.Ibrquad.I_tst_bot<5>.I3<2>.I_jcb,887,590
Ipsm.Ibrquad.I_tst_bot<5>.I3<3>.I_jcb,887,591
Ipsm.Ibrquad.I_tst_bot<5>.I4<0>.I_jcb,887,592
Ipsm.Ibrquad.I_tst_bot<5>.I4<1>.I_jcb,887,593
Ipsm.Ibrquad.I_tst_bot<5>.I4<2>.I_jcb,887,594
Ipsm.Ibrquad.I_tst_bot<5>.I4<3>.I_jcb,887,595
Ipsm.Ibrquad.I_tst_bot<6>.I0<0>.I_jcb,887,599
Ipsm.Ibrquad.I_tst_bot<6>.I0<1>.I_jcb,887,603
Ipsm.Ibrquad.I_tst_bot<6>.I0<2>.I_jcb,887,606
Ipsm.Ibrquad.I_tst_bot<6>.I0<3>.I_jcb,887,610
Ipsm.Ibrquad.I_tst_bot<6>.I3<0>.I_jcb,887,613
Ipsm.Ibrquad.I_tst_bot<6>.I3<1>.I_jcb,887,614
Ipsm.Ibrquad.I_tst_bot<6>.I3<2>.I_jcb,887,616
Ipsm.Ibrquad.I_tst_bot<6>.I3<3>.I_jcb,887,617
Ipsm.Ibrquad.I_tst_bot<6>.I4<0>.I_jcb,887,618
Ipsm.Ibrquad.I_tst_bot<6>.I4<1>.I_jcb,887,619
Ipsm.Ibrquad.I_tst_bot<6>.I4<2>.I_jcb,887,620
Ipsm.Ibrquad.I_tst_bot<6>.I4<3>.I_jcb,887,621
Ipsm.Ibrquad.I_tst_bot<7>.I0<0>.I_jcb,887,625
Ipsm.Ibrquad.I_tst_bot<7>.I0<1>.I_jcb,887,629
Ipsm.Ibrquad.I_tst_bot<7>.I0<2>.I_jcb,887,632
Ipsm.Ibrquad.I_tst_bot<7>.I0<3>.I_jcb,887,636
Ipsm.Ibrquad.I_tst_bot<7>.I3<0>.I_jcb,887,639
Ipsm.Ibrquad.I_tst_bot<7>.I3<1>.I_jcb,887,640
Ipsm.Ibrquad.I_tst_bot<7>.I3<2>.I_jcb,887,642
Ipsm.Ibrquad.I_tst_bot<7>.I3<3>.I_jcb,887,643
Ipsm.Ibrquad.I_tst_bot<7>.I4<0>.I_jcb,887,644
Ipsm.Ibrquad.I_tst_bot<7>.I4<1>.I_jcb,887,645
Ipsm.Ibrquad.I_tst_bot<7>.I4<2>.I_jcb,887,646
Ipsm.Ibrquad.I_tst_bot<7>.I4<3>.I_jcb,887,647
Ipsm.Ibrquad.I_tst_bot<8>.I0<0>.I_jcb,887,651
Ipsm.Ibrquad.I_tst_bot<8>.I0<1>.I_jcb,887,655
Ipsm.Ibrquad.I_tst_bot<8>.I0<2>.I_jcb,887,658
Ipsm.Ibrquad.I_tst_bot<8>.I0<3>.I_jcb,887,662
Ipsm.Ibrquad.I_tst_bot<8>.I3<0>.I_jcb,887,665
Ipsm.Ibrquad.I_tst_bot<8>.I3<1>.I_jcb,887,666
Ipsm.Ibrquad.I_tst_bot<8>.I3<2>.I_jcb,887,668
Ipsm.Ibrquad.I_tst_bot<8>.I3<3>.I_jcb,887,669
Ipsm.Ibrquad.I_tst_bot<8>.I4<0>.I_jcb,887,670
Ipsm.Ibrquad.I_tst_bot<8>.I4<1>.I_jcb,887,671
Ipsm.Ibrquad.I_tst_bot<8>.I4<2>.I_jcb,887,672
Ipsm.Ibrquad.I_tst_bot<8>.I4<3>.I_jcb,887,673
Ipsm.Ibrquad.I_tst_bot<9>.I0<0>.I_jcb,887,677
Ipsm.Ibrquad.I_tst_bot<9>.I0<1>.I_jcb,887,681
Ipsm.Ibrquad.I_tst_bot<9>.I0<2>.I_jcb,887,684
Ipsm.Ibrquad.I_tst_bot<9>.I0<3>.I_jcb,887,688
Ipsm.Ibrquad.I_tst_bot<9>.I3<0>.I_jcb,887,691
Ipsm.Ibrquad.I_tst_bot<9>.I3<1>.I_jcb,887,692
Ipsm.Ibrquad.I_tst_bot<9>.I3<2>.I_jcb,887,694
Ipsm.Ibrquad.I_tst_bot<9>.I3<3>.I_jcb,887,695
Ipsm.Ibrquad.I_tst_bot<9>.I4<0>.I_jcb,887,696
Ipsm.Ibrquad.I_tst_bot<9>.I4<1>.I_jcb,887,697
Ipsm.Ibrquad.I_tst_bot<9>.I4<2>.I_jcb,887,698
Ipsm.Ibrquad.I_tst_bot<9>.I4<3>.I_jcb,887,699
Ipsm.Ibrquad.I_tst_br.I0<0>.I_jcb,861,859
Ipsm.Ibrquad.I_tst_br.I0<1>.I_jcb,861,863
Ipsm.Ibrquad.I_tst_br.I0<2>.I_jcb,861,866
Ipsm.Ibrquad.I_tst_br.I0<3>.I_jcb,861,870
Ipsm.Ibrquad.I_tst_br.I3<0>.I_jcb,861,873
Ipsm.Ibrquad.I_tst_br.I3<1>.I_jcb,861,874
Ipsm.Ibrquad.I_tst_br.I3<2>.I_jcb,861,876
Ipsm.Ibrquad.I_tst_br.I3<3>.I_jcb,861,877
Ipsm.Ibrquad.I_tst_br.I4<0>.I_jcb,861,878
Ipsm.Ibrquad.I_tst_br.I4<1>.I_jcb,861,879
Ipsm.Ibrquad.I_tst_br.I4<2>.I_jcb,861,880
Ipsm.Ibrquad.I_tst_br.I4<3>.I_jcb,861,881
Ipsm.Ibrquad.I_tst_rb.J_H1<0>.I_jcb,864,859
Ipsm.Ibrquad.I_tst_rb.J_H1<1>.I_jcb,866,859
Ipsm.Ibrquad.I_tst_rb.J_H1<2>.I_jcb,867,859
Ipsm.Ibrquad.I_tst_rb.J_H1<3>.I_jcb,869,859
Ipsm.Ibrquad.I_tst_rb.J_H2<0>.I_jcb,871,859
Ipsm.Ibrquad.I_tst_rb.J_H2<1>.I_jcb,872,859
Ipsm.Ibrquad.I_tst_rb.J_H4<0>.I_jcb,874,859
Ipsm.Ibrquad.I_tst_rb.J_H4<1>.I_jcb,876,859
Ipsm.Ibrquad.I_tst_rb.J_H4<2>.I_jcb,878,859
Ipsm.Ibrquad.I_tst_rb.J_H4<3>.I_jcb,880,859
Ipsm.Ibrquad.I_tst_rb.J_H4<4>.I_jcb,882,859
Ipsm.Ibrquad.I_tst_rb.J_H4<5>.I_jcb,883,859
Ipsm.Ibrquad.I_tst_rb.J_H4<6>.I_jcb,886,859
Ipsm.Ibrquad.I_tst_rb.J_H4<7>.I_jcb,862,859
Ipsm.Ibrquad.I_tst_right<0>.J_H1<0>.I_jcb,447,885
Ipsm.Ibrquad.I_tst_right<0>.J_H1<1>.I_jcb,449,885
Ipsm.Ibrquad.I_tst_right<0>.J_H1<2>.I_jcb,450,885
Ipsm.Ibrquad.I_tst_right<0>.J_H1<3>.I_jcb,452,885
Ipsm.Ibrquad.I_tst_right<0>.J_H2<0>.I_jcb,454,885
Ipsm.Ibrquad.I_tst_right<0>.J_H2<1>.I_jcb,455,885
Ipsm.Ibrquad.I_tst_right<0>.J_H4<0>.I_jcb,457,885
Ipsm.Ibrquad.I_tst_right<0>.J_H4<1>.I_jcb,459,885
Ipsm.Ibrquad.I_tst_right<0>.J_H4<2>.I_jcb,461,885
Ipsm.Ibrquad.I_tst_right<0>.J_H4<3>.I_jcb,463,885
Ipsm.Ibrquad.I_tst_right<0>.J_H4<4>.I_jcb,465,885
Ipsm.Ibrquad.I_tst_right<0>.J_H4<5>.I_jcb,466,885
Ipsm.Ibrquad.I_tst_right<0>.J_H4<6>.I_jcb,469,885
Ipsm.Ibrquad.I_tst_right<0>.J_H4<7>.I_jcb,445,885
Ipsm.Ibrquad.I_tst_right<10>.J_H1<0>.I_jcb,708,885
Ipsm.Ibrquad.I_tst_right<10>.J_H1<1>.I_jcb,710,885
Ipsm.Ibrquad.I_tst_right<10>.J_H1<2>.I_jcb,711,885
Ipsm.Ibrquad.I_tst_right<10>.J_H1<3>.I_jcb,713,885
Ipsm.Ibrquad.I_tst_right<10>.J_H2<0>.I_jcb,715,885
Ipsm.Ibrquad.I_tst_right<10>.J_H2<1>.I_jcb,716,885
Ipsm.Ibrquad.I_tst_right<10>.J_H4<0>.I_jcb,718,885
Ipsm.Ibrquad.I_tst_right<10>.J_H4<1>.I_jcb,720,885
Ipsm.Ibrquad.I_tst_right<10>.J_H4<2>.I_jcb,722,885
Ipsm.Ibrquad.I_tst_right<10>.J_H4<3>.I_jcb,724,885
Ipsm.Ibrquad.I_tst_right<10>.J_H4<4>.I_jcb,726,885
Ipsm.Ibrquad.I_tst_right<10>.J_H4<5>.I_jcb,727,885
Ipsm.Ibrquad.I_tst_right<10>.J_H4<6>.I_jcb,730,885
Ipsm.Ibrquad.I_tst_right<10>.J_H4<7>.I_jcb,706,885
Ipsm.Ibrquad.I_tst_right<11>.J_H1<0>.I_jcb,734,885
Ipsm.Ibrquad.I_tst_right<11>.J_H1<1>.I_jcb,736,885
Ipsm.Ibrquad.I_tst_right<11>.J_H1<2>.I_jcb,737,885
Ipsm.Ibrquad.I_tst_right<11>.J_H1<3>.I_jcb,739,885
Ipsm.Ibrquad.I_tst_right<11>.J_H2<0>.I_jcb,741,885
Ipsm.Ibrquad.I_tst_right<11>.J_H2<1>.I_jcb,742,885
Ipsm.Ibrquad.I_tst_right<11>.J_H4<0>.I_jcb,744,885
Ipsm.Ibrquad.I_tst_right<11>.J_H4<1>.I_jcb,746,885
Ipsm.Ibrquad.I_tst_right<11>.J_H4<2>.I_jcb,748,885
Ipsm.Ibrquad.I_tst_right<11>.J_H4<3>.I_jcb,750,885
Ipsm.Ibrquad.I_tst_right<11>.J_H4<4>.I_jcb,752,885
Ipsm.Ibrquad.I_tst_right<11>.J_H4<5>.I_jcb,753,885
Ipsm.Ibrquad.I_tst_right<11>.J_H4<6>.I_jcb,756,885
Ipsm.Ibrquad.I_tst_right<11>.J_H4<7>.I_jcb,732,885
Ipsm.Ibrquad.I_tst_right<12>.J_H1<0>.I_jcb,760,885
Ipsm.Ibrquad.I_tst_right<12>.J_H1<1>.I_jcb,762,885
Ipsm.Ibrquad.I_tst_right<12>.J_H1<2>.I_jcb,763,885
Ipsm.Ibrquad.I_tst_right<12>.J_H1<3>.I_jcb,765,885
Ipsm.Ibrquad.I_tst_right<12>.J_H2<0>.I_jcb,767,885
Ipsm.Ibrquad.I_tst_right<12>.J_H2<1>.I_jcb,768,885
Ipsm.Ibrquad.I_tst_right<12>.J_H4<0>.I_jcb,770,885
Ipsm.Ibrquad.I_tst_right<12>.J_H4<1>.I_jcb,772,885
Ipsm.Ibrquad.I_tst_right<12>.J_H4<2>.I_jcb,774,885
Ipsm.Ibrquad.I_tst_right<12>.J_H4<3>.I_jcb,776,885
Ipsm.Ibrquad.I_tst_right<12>.J_H4<4>.I_jcb,778,885
Ipsm.Ibrquad.I_tst_right<12>.J_H4<5>.I_jcb,779,885
Ipsm.Ibrquad.I_tst_right<12>.J_H4<6>.I_jcb,782,885
Ipsm.Ibrquad.I_tst_right<12>.J_H4<7>.I_jcb,758,885
Ipsm.Ibrquad.I_tst_right<13>.J_H1<0>.I_jcb,786,885
Ipsm.Ibrquad.I_tst_right<13>.J_H1<1>.I_jcb,788,885
Ipsm.Ibrquad.I_tst_right<13>.J_H1<2>.I_jcb,789,885
Ipsm.Ibrquad.I_tst_right<13>.J_H1<3>.I_jcb,791,885
Ipsm.Ibrquad.I_tst_right<13>.J_H2<0>.I_jcb,793,885
Ipsm.Ibrquad.I_tst_right<13>.J_H2<1>.I_jcb,794,885
Ipsm.Ibrquad.I_tst_right<13>.J_H4<0>.I_jcb,796,885
Ipsm.Ibrquad.I_tst_right<13>.J_H4<1>.I_jcb,798,885
Ipsm.Ibrquad.I_tst_right<13>.J_H4<2>.I_jcb,800,885
Ipsm.Ibrquad.I_tst_right<13>.J_H4<3>.I_jcb,802,885
Ipsm.Ibrquad.I_tst_right<13>.J_H4<4>.I_jcb,804,885
Ipsm.Ibrquad.I_tst_right<13>.J_H4<5>.I_jcb,805,885
Ipsm.Ibrquad.I_tst_right<13>.J_H4<6>.I_jcb,808,885
Ipsm.Ibrquad.I_tst_right<13>.J_H4<7>.I_jcb,784,885
Ipsm.Ibrquad.I_tst_right<14>.J_H1<0>.I_jcb,812,885
Ipsm.Ibrquad.I_tst_right<14>.J_H1<1>.I_jcb,814,885
Ipsm.Ibrquad.I_tst_right<14>.J_H1<2>.I_jcb,815,885
Ipsm.Ibrquad.I_tst_right<14>.J_H1<3>.I_jcb,817,885
Ipsm.Ibrquad.I_tst_right<14>.J_H2<0>.I_jcb,819,885
Ipsm.Ibrquad.I_tst_right<14>.J_H2<1>.I_jcb,820,885
Ipsm.Ibrquad.I_tst_right<14>.J_H4<0>.I_jcb,822,885
Ipsm.Ibrquad.I_tst_right<14>.J_H4<1>.I_jcb,824,885
Ipsm.Ibrquad.I_tst_right<14>.J_H4<2>.I_jcb,826,885
Ipsm.Ibrquad.I_tst_right<14>.J_H4<3>.I_jcb,828,885
Ipsm.Ibrquad.I_tst_right<14>.J_H4<4>.I_jcb,830,885
Ipsm.Ibrquad.I_tst_right<14>.J_H4<5>.I_jcb,831,885
Ipsm.Ibrquad.I_tst_right<14>.J_H4<6>.I_jcb,834,885
Ipsm.Ibrquad.I_tst_right<14>.J_H4<7>.I_jcb,810,885
Ipsm.Ibrquad.I_tst_right<15>.J_H1<0>.I_jcb,838,885
Ipsm.Ibrquad.I_tst_right<15>.J_H1<1>.I_jcb,840,885
Ipsm.Ibrquad.I_tst_right<15>.J_H1<2>.I_jcb,841,885
Ipsm.Ibrquad.I_tst_right<15>.J_H1<3>.I_jcb,843,885
Ipsm.Ibrquad.I_tst_right<15>.J_H2<0>.I_jcb,845,885
Ipsm.Ibrquad.I_tst_right<15>.J_H2<1>.I_jcb,846,885
Ipsm.Ibrquad.I_tst_right<15>.J_H4<0>.I_jcb,848,885
Ipsm.Ibrquad.I_tst_right<15>.J_H4<1>.I_jcb,850,885
Ipsm.Ibrquad.I_tst_right<15>.J_H4<2>.I_jcb,852,885
Ipsm.Ibrquad.I_tst_right<15>.J_H4<3>.I_jcb,854,885
Ipsm.Ibrquad.I_tst_right<15>.J_H4<4>.I_jcb,856,885
Ipsm.Ibrquad.I_tst_right<15>.J_H4<5>.I_jcb,857,885
Ipsm.Ibrquad.I_tst_right<15>.J_H4<6>.I_jcb,860,885
Ipsm.Ibrquad.I_tst_right<15>.J_H4<7>.I_jcb,836,885
Ipsm.Ibrquad.I_tst_right<1>.J_H1<0>.I_jcb,473,885
Ipsm.Ibrquad.I_tst_right<1>.J_H1<1>.I_jcb,475,885
Ipsm.Ibrquad.I_tst_right<1>.J_H1<2>.I_jcb,476,885
Ipsm.Ibrquad.I_tst_right<1>.J_H1<3>.I_jcb,478,885
Ipsm.Ibrquad.I_tst_right<1>.J_H2<0>.I_jcb,480,885
Ipsm.Ibrquad.I_tst_right<1>.J_H2<1>.I_jcb,481,885
Ipsm.Ibrquad.I_tst_right<1>.J_H4<0>.I_jcb,483,885
Ipsm.Ibrquad.I_tst_right<1>.J_H4<1>.I_jcb,485,885
Ipsm.Ibrquad.I_tst_right<1>.J_H4<2>.I_jcb,487,885
Ipsm.Ibrquad.I_tst_right<1>.J_H4<3>.I_jcb,489,885
Ipsm.Ibrquad.I_tst_right<1>.J_H4<4>.I_jcb,491,885
Ipsm.Ibrquad.I_tst_right<1>.J_H4<5>.I_jcb,492,885
Ipsm.Ibrquad.I_tst_right<1>.J_H4<6>.I_jcb,495,885
Ipsm.Ibrquad.I_tst_right<1>.J_H4<7>.I_jcb,471,885
Ipsm.Ibrquad.I_tst_right<2>.J_H1<0>.I_jcb,499,885
Ipsm.Ibrquad.I_tst_right<2>.J_H1<1>.I_jcb,501,885
Ipsm.Ibrquad.I_tst_right<2>.J_H1<2>.I_jcb,502,885
Ipsm.Ibrquad.I_tst_right<2>.J_H1<3>.I_jcb,504,885
Ipsm.Ibrquad.I_tst_right<2>.J_H2<0>.I_jcb,506,885
Ipsm.Ibrquad.I_tst_right<2>.J_H2<1>.I_jcb,507,885
Ipsm.Ibrquad.I_tst_right<2>.J_H4<0>.I_jcb,509,885
Ipsm.Ibrquad.I_tst_right<2>.J_H4<1>.I_jcb,511,885
Ipsm.Ibrquad.I_tst_right<2>.J_H4<2>.I_jcb,513,885
Ipsm.Ibrquad.I_tst_right<2>.J_H4<3>.I_jcb,515,885
Ipsm.Ibrquad.I_tst_right<2>.J_H4<4>.I_jcb,517,885
Ipsm.Ibrquad.I_tst_right<2>.J_H4<5>.I_jcb,518,885
Ipsm.Ibrquad.I_tst_right<2>.J_H4<6>.I_jcb,521,885
Ipsm.Ibrquad.I_tst_right<2>.J_H4<7>.I_jcb,497,885
Ipsm.Ibrquad.I_tst_right<3>.J_H1<0>.I_jcb,525,885
Ipsm.Ibrquad.I_tst_right<3>.J_H1<1>.I_jcb,527,885
Ipsm.Ibrquad.I_tst_right<3>.J_H1<2>.I_jcb,528,885
Ipsm.Ibrquad.I_tst_right<3>.J_H1<3>.I_jcb,530,885
Ipsm.Ibrquad.I_tst_right<3>.J_H2<0>.I_jcb,532,885
Ipsm.Ibrquad.I_tst_right<3>.J_H2<1>.I_jcb,533,885
Ipsm.Ibrquad.I_tst_right<3>.J_H4<0>.I_jcb,535,885
Ipsm.Ibrquad.I_tst_right<3>.J_H4<1>.I_jcb,537,885
Ipsm.Ibrquad.I_tst_right<3>.J_H4<2>.I_jcb,539,885
Ipsm.Ibrquad.I_tst_right<3>.J_H4<3>.I_jcb,541,885
Ipsm.Ibrquad.I_tst_right<3>.J_H4<4>.I_jcb,543,885
Ipsm.Ibrquad.I_tst_right<3>.J_H4<5>.I_jcb,544,885
Ipsm.Ibrquad.I_tst_right<3>.J_H4<6>.I_jcb,547,885
Ipsm.Ibrquad.I_tst_right<3>.J_H4<7>.I_jcb,523,885
Ipsm.Ibrquad.I_tst_right<4>.J_H1<0>.I_jcb,551,885
Ipsm.Ibrquad.I_tst_right<4>.J_H1<1>.I_jcb,553,885
Ipsm.Ibrquad.I_tst_right<4>.J_H1<2>.I_jcb,554,885
Ipsm.Ibrquad.I_tst_right<4>.J_H1<3>.I_jcb,556,885
Ipsm.Ibrquad.I_tst_right<4>.J_H2<0>.I_jcb,558,885
Ipsm.Ibrquad.I_tst_right<4>.J_H2<1>.I_jcb,559,885
Ipsm.Ibrquad.I_tst_right<4>.J_H4<0>.I_jcb,561,885
Ipsm.Ibrquad.I_tst_right<4>.J_H4<1>.I_jcb,563,885
Ipsm.Ibrquad.I_tst_right<4>.J_H4<2>.I_jcb,565,885
Ipsm.Ibrquad.I_tst_right<4>.J_H4<3>.I_jcb,567,885
Ipsm.Ibrquad.I_tst_right<4>.J_H4<4>.I_jcb,569,885
Ipsm.Ibrquad.I_tst_right<4>.J_H4<5>.I_jcb,570,885
Ipsm.Ibrquad.I_tst_right<4>.J_H4<6>.I_jcb,573,885
Ipsm.Ibrquad.I_tst_right<4>.J_H4<7>.I_jcb,549,885
Ipsm.Ibrquad.I_tst_right<5>.J_H1<0>.I_jcb,577,885
Ipsm.Ibrquad.I_tst_right<5>.J_H1<1>.I_jcb,579,885
Ipsm.Ibrquad.I_tst_right<5>.J_H1<2>.I_jcb,580,885
Ipsm.Ibrquad.I_tst_right<5>.J_H1<3>.I_jcb,582,885
Ipsm.Ibrquad.I_tst_right<5>.J_H2<0>.I_jcb,584,885
Ipsm.Ibrquad.I_tst_right<5>.J_H2<1>.I_jcb,585,885
Ipsm.Ibrquad.I_tst_right<5>.J_H4<0>.I_jcb,587,885
Ipsm.Ibrquad.I_tst_right<5>.J_H4<1>.I_jcb,589,885
Ipsm.Ibrquad.I_tst_right<5>.J_H4<2>.I_jcb,591,885
Ipsm.Ibrquad.I_tst_right<5>.J_H4<3>.I_jcb,593,885
Ipsm.Ibrquad.I_tst_right<5>.J_H4<4>.I_jcb,595,885
Ipsm.Ibrquad.I_tst_right<5>.J_H4<5>.I_jcb,596,885
Ipsm.Ibrquad.I_tst_right<5>.J_H4<6>.I_jcb,599,885
Ipsm.Ibrquad.I_tst_right<5>.J_H4<7>.I_jcb,575,885
Ipsm.Ibrquad.I_tst_right<6>.J_H1<0>.I_jcb,603,885
Ipsm.Ibrquad.I_tst_right<6>.J_H1<1>.I_jcb,605,885
Ipsm.Ibrquad.I_tst_right<6>.J_H1<2>.I_jcb,606,885
Ipsm.Ibrquad.I_tst_right<6>.J_H1<3>.I_jcb,608,885
Ipsm.Ibrquad.I_tst_right<6>.J_H2<0>.I_jcb,610,885
Ipsm.Ibrquad.I_tst_right<6>.J_H2<1>.I_jcb,611,885
Ipsm.Ibrquad.I_tst_right<6>.J_H4<0>.I_jcb,613,885
Ipsm.Ibrquad.I_tst_right<6>.J_H4<1>.I_jcb,615,885
Ipsm.Ibrquad.I_tst_right<6>.J_H4<2>.I_jcb,617,885
Ipsm.Ibrquad.I_tst_right<6>.J_H4<3>.I_jcb,619,885
Ipsm.Ibrquad.I_tst_right<6>.J_H4<4>.I_jcb,621,885
Ipsm.Ibrquad.I_tst_right<6>.J_H4<5>.I_jcb,622,885
Ipsm.Ibrquad.I_tst_right<6>.J_H4<6>.I_jcb,625,885
Ipsm.Ibrquad.I_tst_right<6>.J_H4<7>.I_jcb,601,885
Ipsm.Ibrquad.I_tst_right<7>.J_H1<0>.I_jcb,629,885
Ipsm.Ibrquad.I_tst_right<7>.J_H1<1>.I_jcb,631,885
Ipsm.Ibrquad.I_tst_right<7>.J_H1<2>.I_jcb,632,885
Ipsm.Ibrquad.I_tst_right<7>.J_H1<3>.I_jcb,634,885
Ipsm.Ibrquad.I_tst_right<7>.J_H2<0>.I_jcb,636,885
Ipsm.Ibrquad.I_tst_right<7>.J_H2<1>.I_jcb,637,885
Ipsm.Ibrquad.I_tst_right<7>.J_H4<0>.I_jcb,639,885
Ipsm.Ibrquad.I_tst_right<7>.J_H4<1>.I_jcb,641,885
Ipsm.Ibrquad.I_tst_right<7>.J_H4<2>.I_jcb,643,885
Ipsm.Ibrquad.I_tst_right<7>.J_H4<3>.I_jcb,645,885
Ipsm.Ibrquad.I_tst_right<7>.J_H4<4>.I_jcb,647,885
Ipsm.Ibrquad.I_tst_right<7>.J_H4<5>.I_jcb,648,885
Ipsm.Ibrquad.I_tst_right<7>.J_H4<6>.I_jcb,651,885
Ipsm.Ibrquad.I_tst_right<7>.J_H4<7>.I_jcb,627,885
Ipsm.Ibrquad.I_tst_right<8>.J_H1<0>.I_jcb,656,885
Ipsm.Ibrquad.I_tst_right<8>.J_H1<1>.I_jcb,658,885
Ipsm.Ibrquad.I_tst_right<8>.J_H1<2>.I_jcb,659,885
Ipsm.Ibrquad.I_tst_right<8>.J_H1<3>.I_jcb,661,885
Ipsm.Ibrquad.I_tst_right<8>.J_H2<0>.I_jcb,663,885
Ipsm.Ibrquad.I_tst_right<8>.J_H2<1>.I_jcb,664,885
Ipsm.Ibrquad.I_tst_right<8>.J_H4<0>.I_jcb,666,885
Ipsm.Ibrquad.I_tst_right<8>.J_H4<1>.I_jcb,668,885
Ipsm.Ibrquad.I_tst_right<8>.J_H4<2>.I_jcb,670,885
Ipsm.Ibrquad.I_tst_right<8>.J_H4<3>.I_jcb,672,885
Ipsm.Ibrquad.I_tst_right<8>.J_H4<4>.I_jcb,674,885
Ipsm.Ibrquad.I_tst_right<8>.J_H4<5>.I_jcb,675,885
Ipsm.Ibrquad.I_tst_right<8>.J_H4<6>.I_jcb,678,885
Ipsm.Ibrquad.I_tst_right<8>.J_H4<7>.I_jcb,654,885
Ipsm.Ibrquad.I_tst_right<9>.J_H1<0>.I_jcb,682,885
Ipsm.Ibrquad.I_tst_right<9>.J_H1<1>.I_jcb,684,885
Ipsm.Ibrquad.I_tst_right<9>.J_H1<2>.I_jcb,685,885
Ipsm.Ibrquad.I_tst_right<9>.J_H1<3>.I_jcb,687,885
Ipsm.Ibrquad.I_tst_right<9>.J_H2<0>.I_jcb,689,885
Ipsm.Ibrquad.I_tst_right<9>.J_H2<1>.I_jcb,690,885
Ipsm.Ibrquad.I_tst_right<9>.J_H4<0>.I_jcb,692,885
Ipsm.Ibrquad.I_tst_right<9>.J_H4<1>.I_jcb,694,885
Ipsm.Ibrquad.I_tst_right<9>.J_H4<2>.I_jcb,696,885
Ipsm.Ibrquad.I_tst_right<9>.J_H4<3>.I_jcb,698,885
Ipsm.Ibrquad.I_tst_right<9>.J_H4<4>.I_jcb,700,885
Ipsm.Ibrquad.I_tst_right<9>.J_H4<5>.I_jcb,701,885
Ipsm.Ibrquad.I_tst_right<9>.J_H4<6>.I_jcb,704,885
Ipsm.Ibrquad.I_tst_right<9>.J_H4<7>.I_jcb,680,885
Ipsm.Itlquad.I_tst_left<0>.I0<0>.I_jcb,30,0
Ipsm.Itlquad.I_tst_left<0>.I0<1>.I_jcb,32,0
Ipsm.Itlquad.I_tst_left<0>.I0<2>.I_jcb,33,0
Ipsm.Itlquad.I_tst_left<0>.I0<3>.I_jcb,35,0
Ipsm.Itlquad.I_tst_left<0>.I3<0>.I_jcb,37,0
Ipsm.Itlquad.I_tst_left<0>.I3<1>.I_jcb,38,0
Ipsm.Itlquad.I_tst_left<0>.I3<2>.I_jcb,40,0
Ipsm.Itlquad.I_tst_left<0>.I3<3>.I_jcb,42,0
Ipsm.Itlquad.I_tst_left<0>.I4<0>.I_jcb,44,0
Ipsm.Itlquad.I_tst_left<0>.I4<1>.I_jcb,46,0
Ipsm.Itlquad.I_tst_left<0>.I4<2>.I_jcb,48,0
Ipsm.Itlquad.I_tst_left<0>.I4<3>.I_jcb,49,0
Ipsm.Itlquad.I_tst_left<10>.I0<0>.I_jcb,291,0
Ipsm.Itlquad.I_tst_left<10>.I0<1>.I_jcb,293,0
Ipsm.Itlquad.I_tst_left<10>.I0<2>.I_jcb,294,0
Ipsm.Itlquad.I_tst_left<10>.I0<3>.I_jcb,296,0
Ipsm.Itlquad.I_tst_left<10>.I3<0>.I_jcb,298,0
Ipsm.Itlquad.I_tst_left<10>.I3<1>.I_jcb,299,0
Ipsm.Itlquad.I_tst_left<10>.I3<2>.I_jcb,301,0
Ipsm.Itlquad.I_tst_left<10>.I3<3>.I_jcb,303,0
Ipsm.Itlquad.I_tst_left<10>.I4<0>.I_jcb,305,0
Ipsm.Itlquad.I_tst_left<10>.I4<1>.I_jcb,307,0
Ipsm.Itlquad.I_tst_left<10>.I4<2>.I_jcb,309,0
Ipsm.Itlquad.I_tst_left<10>.I4<3>.I_jcb,310,0
Ipsm.Itlquad.I_tst_left<11>.I0<0>.I_jcb,317,0
Ipsm.Itlquad.I_tst_left<11>.I0<1>.I_jcb,319,0
Ipsm.Itlquad.I_tst_left<11>.I0<2>.I_jcb,320,0
Ipsm.Itlquad.I_tst_left<11>.I0<3>.I_jcb,322,0
Ipsm.Itlquad.I_tst_left<11>.I3<0>.I_jcb,324,0
Ipsm.Itlquad.I_tst_left<11>.I3<1>.I_jcb,325,0
Ipsm.Itlquad.I_tst_left<11>.I3<2>.I_jcb,327,0
Ipsm.Itlquad.I_tst_left<11>.I3<3>.I_jcb,329,0
Ipsm.Itlquad.I_tst_left<11>.I4<0>.I_jcb,331,0
Ipsm.Itlquad.I_tst_left<11>.I4<1>.I_jcb,333,0
Ipsm.Itlquad.I_tst_left<11>.I4<2>.I_jcb,335,0
Ipsm.Itlquad.I_tst_left<11>.I4<3>.I_jcb,336,0
Ipsm.Itlquad.I_tst_left<12>.I0<0>.I_jcb,343,0
Ipsm.Itlquad.I_tst_left<12>.I0<1>.I_jcb,345,0
Ipsm.Itlquad.I_tst_left<12>.I0<2>.I_jcb,346,0
Ipsm.Itlquad.I_tst_left<12>.I0<3>.I_jcb,348,0
Ipsm.Itlquad.I_tst_left<12>.I3<0>.I_jcb,350,0
Ipsm.Itlquad.I_tst_left<12>.I3<1>.I_jcb,351,0
Ipsm.Itlquad.I_tst_left<12>.I3<2>.I_jcb,353,0
Ipsm.Itlquad.I_tst_left<12>.I3<3>.I_jcb,355,0
Ipsm.Itlquad.I_tst_left<12>.I4<0>.I_jcb,357,0
Ipsm.Itlquad.I_tst_left<12>.I4<1>.I_jcb,359,0
Ipsm.Itlquad.I_tst_left<12>.I4<2>.I_jcb,361,0
Ipsm.Itlquad.I_tst_left<12>.I4<3>.I_jcb,362,0
Ipsm.Itlquad.I_tst_left<13>.I0<0>.I_jcb,369,0
Ipsm.Itlquad.I_tst_left<13>.I0<1>.I_jcb,371,0
Ipsm.Itlquad.I_tst_left<13>.I0<2>.I_jcb,372,0
Ipsm.Itlquad.I_tst_left<13>.I0<3>.I_jcb,374,0
Ipsm.Itlquad.I_tst_left<13>.I3<0>.I_jcb,376,0
Ipsm.Itlquad.I_tst_left<13>.I3<1>.I_jcb,377,0
Ipsm.Itlquad.I_tst_left<13>.I3<2>.I_jcb,379,0
Ipsm.Itlquad.I_tst_left<13>.I3<3>.I_jcb,381,0
Ipsm.Itlquad.I_tst_left<13>.I4<0>.I_jcb,383,0
Ipsm.Itlquad.I_tst_left<13>.I4<1>.I_jcb,385,0
Ipsm.Itlquad.I_tst_left<13>.I4<2>.I_jcb,387,0
Ipsm.Itlquad.I_tst_left<13>.I4<3>.I_jcb,388,0
Ipsm.Itlquad.I_tst_left<14>.I0<0>.I_jcb,395,0
Ipsm.Itlquad.I_tst_left<14>.I0<1>.I_jcb,397,0
Ipsm.Itlquad.I_tst_left<14>.I0<2>.I_jcb,398,0
Ipsm.Itlquad.I_tst_left<14>.I0<3>.I_jcb,400,0
Ipsm.Itlquad.I_tst_left<14>.I3<0>.I_jcb,402,0
Ipsm.Itlquad.I_tst_left<14>.I3<1>.I_jcb,403,0
Ipsm.Itlquad.I_tst_left<14>.I3<2>.I_jcb,405,0
Ipsm.Itlquad.I_tst_left<14>.I3<3>.I_jcb,407,0
Ipsm.Itlquad.I_tst_left<14>.I4<0>.I_jcb,409,0
Ipsm.Itlquad.I_tst_left<14>.I4<1>.I_jcb,411,0
Ipsm.Itlquad.I_tst_left<14>.I4<2>.I_jcb,413,0
Ipsm.Itlquad.I_tst_left<14>.I4<3>.I_jcb,414,0
Ipsm.Itlquad.I_tst_left<15>.I0<0>.I_jcb,421,0
Ipsm.Itlquad.I_tst_left<15>.I0<1>.I_jcb,423,0
Ipsm.Itlquad.I_tst_left<15>.I0<2>.I_jcb,424,0
Ipsm.Itlquad.I_tst_left<15>.I0<3>.I_jcb,426,0
Ipsm.Itlquad.I_tst_left<15>.I3<0>.I_jcb,428,0
Ipsm.Itlquad.I_tst_left<15>.I3<1>.I_jcb,429,0
Ipsm.Itlquad.I_tst_left<15>.I3<2>.I_jcb,431,0
Ipsm.Itlquad.I_tst_left<15>.I3<3>.I_jcb,433,0
Ipsm.Itlquad.I_tst_left<15>.I4<0>.I_jcb,435,0
Ipsm.Itlquad.I_tst_left<15>.I4<1>.I_jcb,437,0
Ipsm.Itlquad.I_tst_left<15>.I4<2>.I_jcb,439,0
Ipsm.Itlquad.I_tst_left<15>.I4<3>.I_jcb,440,0
Ipsm.Itlquad.I_tst_left<1>.I0<0>.I_jcb,56,0
Ipsm.Itlquad.I_tst_left<1>.I0<1>.I_jcb,58,0
Ipsm.Itlquad.I_tst_left<1>.I0<2>.I_jcb,59,0
Ipsm.Itlquad.I_tst_left<1>.I0<3>.I_jcb,61,0
Ipsm.Itlquad.I_tst_left<1>.I3<0>.I_jcb,63,0
Ipsm.Itlquad.I_tst_left<1>.I3<1>.I_jcb,64,0
Ipsm.Itlquad.I_tst_left<1>.I3<2>.I_jcb,66,0
Ipsm.Itlquad.I_tst_left<1>.I3<3>.I_jcb,68,0
Ipsm.Itlquad.I_tst_left<1>.I4<0>.I_jcb,70,0
Ipsm.Itlquad.I_tst_left<1>.I4<1>.I_jcb,72,0
Ipsm.Itlquad.I_tst_left<1>.I4<2>.I_jcb,74,0
Ipsm.Itlquad.I_tst_left<1>.I4<3>.I_jcb,75,0
Ipsm.Itlquad.I_tst_left<2>.I0<0>.I_jcb,82,0
Ipsm.Itlquad.I_tst_left<2>.I0<1>.I_jcb,84,0
Ipsm.Itlquad.I_tst_left<2>.I0<2>.I_jcb,85,0
Ipsm.Itlquad.I_tst_left<2>.I0<3>.I_jcb,87,0
Ipsm.Itlquad.I_tst_left<2>.I3<0>.I_jcb,89,0
Ipsm.Itlquad.I_tst_left<2>.I3<1>.I_jcb,90,0
Ipsm.Itlquad.I_tst_left<2>.I3<2>.I_jcb,92,0
Ipsm.Itlquad.I_tst_left<2>.I3<3>.I_jcb,94,0
Ipsm.Itlquad.I_tst_left<2>.I4<0>.I_jcb,96,0
Ipsm.Itlquad.I_tst_left<2>.I4<1>.I_jcb,98,0
Ipsm.Itlquad.I_tst_left<2>.I4<2>.I_jcb,100,0
Ipsm.Itlquad.I_tst_left<2>.I4<3>.I_jcb,101,0
Ipsm.Itlquad.I_tst_left<3>.I0<0>.I_jcb,108,0
Ipsm.Itlquad.I_tst_left<3>.I0<1>.I_jcb,110,0
Ipsm.Itlquad.I_tst_left<3>.I0<2>.I_jcb,111,0
Ipsm.Itlquad.I_tst_left<3>.I0<3>.I_jcb,113,0
Ipsm.Itlquad.I_tst_left<3>.I3<0>.I_jcb,115,0
Ipsm.Itlquad.I_tst_left<3>.I3<1>.I_jcb,116,0
Ipsm.Itlquad.I_tst_left<3>.I3<2>.I_jcb,118,0
Ipsm.Itlquad.I_tst_left<3>.I3<3>.I_jcb,120,0
Ipsm.Itlquad.I_tst_left<3>.I4<0>.I_jcb,122,0
Ipsm.Itlquad.I_tst_left<3>.I4<1>.I_jcb,124,0
Ipsm.Itlquad.I_tst_left<3>.I4<2>.I_jcb,126,0
Ipsm.Itlquad.I_tst_left<3>.I4<3>.I_jcb,127,0
Ipsm.Itlquad.I_tst_left<4>.I0<0>.I_jcb,134,0
Ipsm.Itlquad.I_tst_left<4>.I0<1>.I_jcb,136,0
Ipsm.Itlquad.I_tst_left<4>.I0<2>.I_jcb,137,0
Ipsm.Itlquad.I_tst_left<4>.I0<3>.I_jcb,139,0
Ipsm.Itlquad.I_tst_left<4>.I3<0>.I_jcb,141,0
Ipsm.Itlquad.I_tst_left<4>.I3<1>.I_jcb,142,0
Ipsm.Itlquad.I_tst_left<4>.I3<2>.I_jcb,144,0
Ipsm.Itlquad.I_tst_left<4>.I3<3>.I_jcb,146,0
Ipsm.Itlquad.I_tst_left<4>.I4<0>.I_jcb,148,0
Ipsm.Itlquad.I_tst_left<4>.I4<1>.I_jcb,150,0
Ipsm.Itlquad.I_tst_left<4>.I4<2>.I_jcb,152,0
Ipsm.Itlquad.I_tst_left<4>.I4<3>.I_jcb,153,0
Ipsm.Itlquad.I_tst_left<5>.I0<0>.I_jcb,160,0
Ipsm.Itlquad.I_tst_left<5>.I0<1>.I_jcb,162,0
Ipsm.Itlquad.I_tst_left<5>.I0<2>.I_jcb,163,0
Ipsm.Itlquad.I_tst_left<5>.I0<3>.I_jcb,165,0
Ipsm.Itlquad.I_tst_left<5>.I3<0>.I_jcb,167,0
Ipsm.Itlquad.I_tst_left<5>.I3<1>.I_jcb,168,0
Ipsm.Itlquad.I_tst_left<5>.I3<2>.I_jcb,170,0
Ipsm.Itlquad.I_tst_left<5>.I3<3>.I_jcb,172,0
Ipsm.Itlquad.I_tst_left<5>.I4<0>.I_jcb,174,0
Ipsm.Itlquad.I_tst_left<5>.I4<1>.I_jcb,176,0
Ipsm.Itlquad.I_tst_left<5>.I4<2>.I_jcb,178,0
Ipsm.Itlquad.I_tst_left<5>.I4<3>.I_jcb,179,0
Ipsm.Itlquad.I_tst_left<6>.I0<0>.I_jcb,186,0
Ipsm.Itlquad.I_tst_left<6>.I0<1>.I_jcb,188,0
Ipsm.Itlquad.I_tst_left<6>.I0<2>.I_jcb,189,0
Ipsm.Itlquad.I_tst_left<6>.I0<3>.I_jcb,191,0
Ipsm.Itlquad.I_tst_left<6>.I3<0>.I_jcb,193,0
Ipsm.Itlquad.I_tst_left<6>.I3<1>.I_jcb,194,0
Ipsm.Itlquad.I_tst_left<6>.I3<2>.I_jcb,196,0
Ipsm.Itlquad.I_tst_left<6>.I3<3>.I_jcb,198,0
Ipsm.Itlquad.I_tst_left<6>.I4<0>.I_jcb,200,0
Ipsm.Itlquad.I_tst_left<6>.I4<1>.I_jcb,202,0
Ipsm.Itlquad.I_tst_left<6>.I4<2>.I_jcb,204,0
Ipsm.Itlquad.I_tst_left<6>.I4<3>.I_jcb,205,0
Ipsm.Itlquad.I_tst_left<7>.I0<0>.I_jcb,212,0
Ipsm.Itlquad.I_tst_left<7>.I0<1>.I_jcb,214,0
Ipsm.Itlquad.I_tst_left<7>.I0<2>.I_jcb,215,0
Ipsm.Itlquad.I_tst_left<7>.I0<3>.I_jcb,217,0
Ipsm.Itlquad.I_tst_left<7>.I3<0>.I_jcb,219,0
Ipsm.Itlquad.I_tst_left<7>.I3<1>.I_jcb,220,0
Ipsm.Itlquad.I_tst_left<7>.I3<2>.I_jcb,222,0
Ipsm.Itlquad.I_tst_left<7>.I3<3>.I_jcb,224,0
Ipsm.Itlquad.I_tst_left<7>.I4<0>.I_jcb,226,0
Ipsm.Itlquad.I_tst_left<7>.I4<1>.I_jcb,228,0
Ipsm.Itlquad.I_tst_left<7>.I4<2>.I_jcb,230,0
Ipsm.Itlquad.I_tst_left<7>.I4<3>.I_jcb,231,0
Ipsm.Itlquad.I_tst_left<8>.I0<0>.I_jcb,239,0
Ipsm.Itlquad.I_tst_left<8>.I0<1>.I_jcb,241,0
Ipsm.Itlquad.I_tst_left<8>.I0<2>.I_jcb,242,0
Ipsm.Itlquad.I_tst_left<8>.I0<3>.I_jcb,244,0
Ipsm.Itlquad.I_tst_left<8>.I3<0>.I_jcb,246,0
Ipsm.Itlquad.I_tst_left<8>.I3<1>.I_jcb,247,0
Ipsm.Itlquad.I_tst_left<8>.I3<2>.I_jcb,249,0
Ipsm.Itlquad.I_tst_left<8>.I3<3>.I_jcb,251,0
Ipsm.Itlquad.I_tst_left<8>.I4<0>.I_jcb,253,0
Ipsm.Itlquad.I_tst_left<8>.I4<1>.I_jcb,255,0
Ipsm.Itlquad.I_tst_left<8>.I4<2>.I_jcb,257,0
Ipsm.Itlquad.I_tst_left<8>.I4<3>.I_jcb,258,0
Ipsm.Itlquad.I_tst_left<9>.I0<0>.I_jcb,265,0
Ipsm.Itlquad.I_tst_left<9>.I0<1>.I_jcb,267,0
Ipsm.Itlquad.I_tst_left<9>.I0<2>.I_jcb,268,0
Ipsm.Itlquad.I_tst_left<9>.I0<3>.I_jcb,270,0
Ipsm.Itlquad.I_tst_left<9>.I3<0>.I_jcb,272,0
Ipsm.Itlquad.I_tst_left<9>.I3<1>.I_jcb,273,0
Ipsm.Itlquad.I_tst_left<9>.I3<2>.I_jcb,275,0
Ipsm.Itlquad.I_tst_left<9>.I3<3>.I_jcb,277,0
Ipsm.Itlquad.I_tst_left<9>.I4<0>.I_jcb,279,0
Ipsm.Itlquad.I_tst_left<9>.I4<1>.I_jcb,281,0
Ipsm.Itlquad.I_tst_left<9>.I4<2>.I_jcb,283,0
Ipsm.Itlquad.I_tst_left<9>.I4<3>.I_jcb,284,0
Ipsm.Itlquad.I_tst_lt.I0<0>.I_jcb,4,26
Ipsm.Itlquad.I_tst_lt.I0<1>.I_jcb,6,26
Ipsm.Itlquad.I_tst_lt.I0<2>.I_jcb,7,26
Ipsm.Itlquad.I_tst_lt.I0<3>.I_jcb,9,26
Ipsm.Itlquad.I_tst_lt.I3<0>.I_jcb,11,26
Ipsm.Itlquad.I_tst_lt.I3<1>.I_jcb,12,26
Ipsm.Itlquad.I_tst_lt.I3<2>.I_jcb,14,26
Ipsm.Itlquad.I_tst_lt.I3<3>.I_jcb,16,26
Ipsm.Itlquad.I_tst_lt.I4<0>.I_jcb,18,26
Ipsm.Itlquad.I_tst_lt.I4<1>.I_jcb,20,26
Ipsm.Itlquad.I_tst_lt.I4<2>.I_jcb,22,26
Ipsm.Itlquad.I_tst_lt.I4<3>.I_jcb,23,26
Ipsm.Itlquad.I_tst_tl.I0<0>.I_jcb,26,1
Ipsm.Itlquad.I_tst_tl.I0<1>.I_jcb,26,5
Ipsm.Itlquad.I_tst_tl.I0<2>.I_jcb,26,8
Ipsm.Itlquad.I_tst_tl.I0<3>.I_jcb,26,12
Ipsm.Itlquad.I_tst_tl.I3<0>.I_jcb,26,15
Ipsm.Itlquad.I_tst_tl.I3<1>.I_jcb,26,16
Ipsm.Itlquad.I_tst_tl.I4<0>.I_jcb,26,18
Ipsm.Itlquad.I_tst_tl.I4<1>.I_jcb,26,19
Ipsm.Itlquad.I_tst_tl.I4<2>.I_jcb,26,20
Ipsm.Itlquad.I_tst_tl.I4<3>.I_jcb,26,21
Ipsm.Itlquad.I_tst_tl.I4<4>.I_jcb,26,22
Ipsm.Itlquad.I_tst_tl.I4<5>.I_jcb,26,23
Ipsm.Itlquad.I_tst_tl.I4<6>.I_jcb,26,25
Ipsm.Itlquad.I_tst_tl.I4<7>.I_jcb,26,26
Ipsm.Itlquad.I_tst_top<0>.I0<0>.I_jcb,0,27
Ipsm.Itlquad.I_tst_top<0>.I0<1>.I_jcb,0,31
Ipsm.Itlquad.I_tst_top<0>.I0<2>.I_jcb,0,34
Ipsm.Itlquad.I_tst_top<0>.I0<3>.I_jcb,0,38
Ipsm.Itlquad.I_tst_top<0>.I3<0>.I_jcb,0,41
Ipsm.Itlquad.I_tst_top<0>.I3<1>.I_jcb,0,42
Ipsm.Itlquad.I_tst_top<0>.I4<0>.I_jcb,0,44
Ipsm.Itlquad.I_tst_top<0>.I4<1>.I_jcb,0,45
Ipsm.Itlquad.I_tst_top<0>.I4<2>.I_jcb,0,46
Ipsm.Itlquad.I_tst_top<0>.I4<3>.I_jcb,0,47
Ipsm.Itlquad.I_tst_top<0>.I4<4>.I_jcb,0,48
Ipsm.Itlquad.I_tst_top<0>.I4<5>.I_jcb,0,49
Ipsm.Itlquad.I_tst_top<0>.I4<6>.I_jcb,0,51
Ipsm.Itlquad.I_tst_top<0>.I4<7>.I_jcb,0,52
Ipsm.Itlquad.I_tst_top<10>.I0<0>.I_jcb,0,287
Ipsm.Itlquad.I_tst_top<10>.I0<1>.I_jcb,0,291
Ipsm.Itlquad.I_tst_top<10>.I0<2>.I_jcb,0,294
Ipsm.Itlquad.I_tst_top<10>.I0<3>.I_jcb,0,298
Ipsm.Itlquad.I_tst_top<10>.I3<0>.I_jcb,0,301
Ipsm.Itlquad.I_tst_top<10>.I3<1>.I_jcb,0,302
Ipsm.Itlquad.I_tst_top<10>.I4<0>.I_jcb,0,304
Ipsm.Itlquad.I_tst_top<10>.I4<1>.I_jcb,0,305
Ipsm.Itlquad.I_tst_top<10>.I4<2>.I_jcb,0,306
Ipsm.Itlquad.I_tst_top<10>.I4<3>.I_jcb,0,307
Ipsm.Itlquad.I_tst_top<10>.I4<4>.I_jcb,0,308
Ipsm.Itlquad.I_tst_top<10>.I4<5>.I_jcb,0,309
Ipsm.Itlquad.I_tst_top<10>.I4<6>.I_jcb,0,311
Ipsm.Itlquad.I_tst_top<10>.I4<7>.I_jcb,0,312
Ipsm.Itlquad.I_tst_top<11>.I0<0>.I_jcb,0,313
Ipsm.Itlquad.I_tst_top<11>.I0<1>.I_jcb,0,317
Ipsm.Itlquad.I_tst_top<11>.I0<2>.I_jcb,0,320
Ipsm.Itlquad.I_tst_top<11>.I0<3>.I_jcb,0,324
Ipsm.Itlquad.I_tst_top<11>.I3<0>.I_jcb,0,327
Ipsm.Itlquad.I_tst_top<11>.I3<1>.I_jcb,0,328
Ipsm.Itlquad.I_tst_top<11>.I4<0>.I_jcb,0,330
Ipsm.Itlquad.I_tst_top<11>.I4<1>.I_jcb,0,331
Ipsm.Itlquad.I_tst_top<11>.I4<2>.I_jcb,0,332
Ipsm.Itlquad.I_tst_top<11>.I4<3>.I_jcb,0,333
Ipsm.Itlquad.I_tst_top<11>.I4<4>.I_jcb,0,334
Ipsm.Itlquad.I_tst_top<11>.I4<5>.I_jcb,0,335
Ipsm.Itlquad.I_tst_top<11>.I4<6>.I_jcb,0,337
Ipsm.Itlquad.I_tst_top<11>.I4<7>.I_jcb,0,338
Ipsm.Itlquad.I_tst_top<12>.I0<0>.I_jcb,0,339
Ipsm.Itlquad.I_tst_top<12>.I0<1>.I_jcb,0,343
Ipsm.Itlquad.I_tst_top<12>.I0<2>.I_jcb,0,346
Ipsm.Itlquad.I_tst_top<12>.I0<3>.I_jcb,0,350
Ipsm.Itlquad.I_tst_top<12>.I3<0>.I_jcb,0,353
Ipsm.Itlquad.I_tst_top<12>.I3<1>.I_jcb,0,354
Ipsm.Itlquad.I_tst_top<12>.I4<0>.I_jcb,0,356
Ipsm.Itlquad.I_tst_top<12>.I4<1>.I_jcb,0,357
Ipsm.Itlquad.I_tst_top<12>.I4<2>.I_jcb,0,358
Ipsm.Itlquad.I_tst_top<12>.I4<3>.I_jcb,0,359
Ipsm.Itlquad.I_tst_top<12>.I4<4>.I_jcb,0,360
Ipsm.Itlquad.I_tst_top<12>.I4<5>.I_jcb,0,361
Ipsm.Itlquad.I_tst_top<12>.I4<6>.I_jcb,0,363
Ipsm.Itlquad.I_tst_top<12>.I4<7>.I_jcb,0,364
Ipsm.Itlquad.I_tst_top<13>.I0<0>.I_jcb,0,365
Ipsm.Itlquad.I_tst_top<13>.I0<1>.I_jcb,0,369
Ipsm.Itlquad.I_tst_top<13>.I0<2>.I_jcb,0,372
Ipsm.Itlquad.I_tst_top<13>.I0<3>.I_jcb,0,376
Ipsm.Itlquad.I_tst_top<13>.I3<0>.I_jcb,0,379
Ipsm.Itlquad.I_tst_top<13>.I3<1>.I_jcb,0,380
Ipsm.Itlquad.I_tst_top<13>.I4<0>.I_jcb,0,382
Ipsm.Itlquad.I_tst_top<13>.I4<1>.I_jcb,0,383
Ipsm.Itlquad.I_tst_top<13>.I4<2>.I_jcb,0,384
Ipsm.Itlquad.I_tst_top<13>.I4<3>.I_jcb,0,385
Ipsm.Itlquad.I_tst_top<13>.I4<4>.I_jcb,0,386
Ipsm.Itlquad.I_tst_top<13>.I4<5>.I_jcb,0,387
Ipsm.Itlquad.I_tst_top<13>.I4<6>.I_jcb,0,389
Ipsm.Itlquad.I_tst_top<13>.I4<7>.I_jcb,0,390
Ipsm.Itlquad.I_tst_top<14>.I0<0>.I_jcb,0,391
Ipsm.Itlquad.I_tst_top<14>.I0<1>.I_jcb,0,395
Ipsm.Itlquad.I_tst_top<14>.I0<2>.I_jcb,0,398
Ipsm.Itlquad.I_tst_top<14>.I0<3>.I_jcb,0,402
Ipsm.Itlquad.I_tst_top<14>.I3<0>.I_jcb,0,405
Ipsm.Itlquad.I_tst_top<14>.I3<1>.I_jcb,0,406
Ipsm.Itlquad.I_tst_top<14>.I4<0>.I_jcb,0,408
Ipsm.Itlquad.I_tst_top<14>.I4<1>.I_jcb,0,409
Ipsm.Itlquad.I_tst_top<14>.I4<2>.I_jcb,0,410
Ipsm.Itlquad.I_tst_top<14>.I4<3>.I_jcb,0,411
Ipsm.Itlquad.I_tst_top<14>.I4<4>.I_jcb,0,412
Ipsm.Itlquad.I_tst_top<14>.I4<5>.I_jcb,0,413
Ipsm.Itlquad.I_tst_top<14>.I4<6>.I_jcb,0,415
Ipsm.Itlquad.I_tst_top<14>.I4<7>.I_jcb,0,416
Ipsm.Itlquad.I_tst_top<15>.I0<0>.I_jcb,0,417
Ipsm.Itlquad.I_tst_top<15>.I0<1>.I_jcb,0,421
Ipsm.Itlquad.I_tst_top<15>.I0<2>.I_jcb,0,424
Ipsm.Itlquad.I_tst_top<15>.I0<3>.I_jcb,0,428
Ipsm.Itlquad.I_tst_top<15>.I3<0>.I_jcb,0,431
Ipsm.Itlquad.I_tst_top<15>.I3<1>.I_jcb,0,432
Ipsm.Itlquad.I_tst_top<15>.I4<0>.I_jcb,0,434
Ipsm.Itlquad.I_tst_top<15>.I4<1>.I_jcb,0,435
Ipsm.Itlquad.I_tst_top<15>.I4<2>.I_jcb,0,436
Ipsm.Itlquad.I_tst_top<15>.I4<3>.I_jcb,0,437
Ipsm.Itlquad.I_tst_top<15>.I4<4>.I_jcb,0,438
Ipsm.Itlquad.I_tst_top<15>.I4<5>.I_jcb,0,439
Ipsm.Itlquad.I_tst_top<15>.I4<6>.I_jcb,0,441
Ipsm.Itlquad.I_tst_top<15>.I4<7>.I_jcb,0,442
Ipsm.Itlquad.I_tst_top<1>.I0<0>.I_jcb,0,53
Ipsm.Itlquad.I_tst_top<1>.I0<1>.I_jcb,0,57
Ipsm.Itlquad.I_tst_top<1>.I0<2>.I_jcb,0,60
Ipsm.Itlquad.I_tst_top<1>.I0<3>.I_jcb,0,64
Ipsm.Itlquad.I_tst_top<1>.I3<0>.I_jcb,0,67
Ipsm.Itlquad.I_tst_top<1>.I3<1>.I_jcb,0,68
Ipsm.Itlquad.I_tst_top<1>.I4<0>.I_jcb,0,70
Ipsm.Itlquad.I_tst_top<1>.I4<1>.I_jcb,0,71
Ipsm.Itlquad.I_tst_top<1>.I4<2>.I_jcb,0,72
Ipsm.Itlquad.I_tst_top<1>.I4<3>.I_jcb,0,73
Ipsm.Itlquad.I_tst_top<1>.I4<4>.I_jcb,0,74
Ipsm.Itlquad.I_tst_top<1>.I4<5>.I_jcb,0,75
Ipsm.Itlquad.I_tst_top<1>.I4<6>.I_jcb,0,77
Ipsm.Itlquad.I_tst_top<1>.I4<7>.I_jcb,0,78
Ipsm.Itlquad.I_tst_top<2>.I0<0>.I_jcb,0,79
Ipsm.Itlquad.I_tst_top<2>.I0<1>.I_jcb,0,83
Ipsm.Itlquad.I_tst_top<2>.I0<2>.I_jcb,0,86
Ipsm.Itlquad.I_tst_top<2>.I0<3>.I_jcb,0,90
Ipsm.Itlquad.I_tst_top<2>.I3<0>.I_jcb,0,93
Ipsm.Itlquad.I_tst_top<2>.I3<1>.I_jcb,0,94
Ipsm.Itlquad.I_tst_top<2>.I4<0>.I_jcb,0,96
Ipsm.Itlquad.I_tst_top<2>.I4<1>.I_jcb,0,97
Ipsm.Itlquad.I_tst_top<2>.I4<2>.I_jcb,0,98
Ipsm.Itlquad.I_tst_top<2>.I4<3>.I_jcb,0,99
Ipsm.Itlquad.I_tst_top<2>.I4<4>.I_jcb,0,100
Ipsm.Itlquad.I_tst_top<2>.I4<5>.I_jcb,0,101
Ipsm.Itlquad.I_tst_top<2>.I4<6>.I_jcb,0,103
Ipsm.Itlquad.I_tst_top<2>.I4<7>.I_jcb,0,104
Ipsm.Itlquad.I_tst_top<3>.I0<0>.I_jcb,0,105
Ipsm.Itlquad.I_tst_top<3>.I0<1>.I_jcb,0,109
Ipsm.Itlquad.I_tst_top<3>.I0<2>.I_jcb,0,112
Ipsm.Itlquad.I_tst_top<3>.I0<3>.I_jcb,0,116
Ipsm.Itlquad.I_tst_top<3>.I3<0>.I_jcb,0,119
Ipsm.Itlquad.I_tst_top<3>.I3<1>.I_jcb,0,120
Ipsm.Itlquad.I_tst_top<3>.I4<0>.I_jcb,0,122
Ipsm.Itlquad.I_tst_top<3>.I4<1>.I_jcb,0,123
Ipsm.Itlquad.I_tst_top<3>.I4<2>.I_jcb,0,124
Ipsm.Itlquad.I_tst_top<3>.I4<3>.I_jcb,0,125
Ipsm.Itlquad.I_tst_top<3>.I4<4>.I_jcb,0,126
Ipsm.Itlquad.I_tst_top<3>.I4<5>.I_jcb,0,127
Ipsm.Itlquad.I_tst_top<3>.I4<6>.I_jcb,0,129
Ipsm.Itlquad.I_tst_top<3>.I4<7>.I_jcb,0,130
Ipsm.Itlquad.I_tst_top<4>.I0<0>.I_jcb,0,131
Ipsm.Itlquad.I_tst_top<4>.I0<1>.I_jcb,0,135
Ipsm.Itlquad.I_tst_top<4>.I0<2>.I_jcb,0,138
Ipsm.Itlquad.I_tst_top<4>.I0<3>.I_jcb,0,142
Ipsm.Itlquad.I_tst_top<4>.I3<0>.I_jcb,0,145
Ipsm.Itlquad.I_tst_top<4>.I3<1>.I_jcb,0,146
Ipsm.Itlquad.I_tst_top<4>.I4<0>.I_jcb,0,148
Ipsm.Itlquad.I_tst_top<4>.I4<1>.I_jcb,0,149
Ipsm.Itlquad.I_tst_top<4>.I4<2>.I_jcb,0,150
Ipsm.Itlquad.I_tst_top<4>.I4<3>.I_jcb,0,151
Ipsm.Itlquad.I_tst_top<4>.I4<4>.I_jcb,0,152
Ipsm.Itlquad.I_tst_top<4>.I4<5>.I_jcb,0,153
Ipsm.Itlquad.I_tst_top<4>.I4<6>.I_jcb,0,155
Ipsm.Itlquad.I_tst_top<4>.I4<7>.I_jcb,0,156
Ipsm.Itlquad.I_tst_top<5>.I0<0>.I_jcb,0,157
Ipsm.Itlquad.I_tst_top<5>.I0<1>.I_jcb,0,161
Ipsm.Itlquad.I_tst_top<5>.I0<2>.I_jcb,0,164
Ipsm.Itlquad.I_tst_top<5>.I0<3>.I_jcb,0,168
Ipsm.Itlquad.I_tst_top<5>.I3<0>.I_jcb,0,171
Ipsm.Itlquad.I_tst_top<5>.I3<1>.I_jcb,0,172
Ipsm.Itlquad.I_tst_top<5>.I4<0>.I_jcb,0,174
Ipsm.Itlquad.I_tst_top<5>.I4<1>.I_jcb,0,175
Ipsm.Itlquad.I_tst_top<5>.I4<2>.I_jcb,0,176
Ipsm.Itlquad.I_tst_top<5>.I4<3>.I_jcb,0,177
Ipsm.Itlquad.I_tst_top<5>.I4<4>.I_jcb,0,178
Ipsm.Itlquad.I_tst_top<5>.I4<5>.I_jcb,0,179
Ipsm.Itlquad.I_tst_top<5>.I4<6>.I_jcb,0,181
Ipsm.Itlquad.I_tst_top<5>.I4<7>.I_jcb,0,182
Ipsm.Itlquad.I_tst_top<6>.I0<0>.I_jcb,0,183
Ipsm.Itlquad.I_tst_top<6>.I0<1>.I_jcb,0,187
Ipsm.Itlquad.I_tst_top<6>.I0<2>.I_jcb,0,190
Ipsm.Itlquad.I_tst_top<6>.I0<3>.I_jcb,0,194
Ipsm.Itlquad.I_tst_top<6>.I3<0>.I_jcb,0,197
Ipsm.Itlquad.I_tst_top<6>.I3<1>.I_jcb,0,198
Ipsm.Itlquad.I_tst_top<6>.I4<0>.I_jcb,0,200
Ipsm.Itlquad.I_tst_top<6>.I4<1>.I_jcb,0,201
Ipsm.Itlquad.I_tst_top<6>.I4<2>.I_jcb,0,202
Ipsm.Itlquad.I_tst_top<6>.I4<3>.I_jcb,0,203
Ipsm.Itlquad.I_tst_top<6>.I4<4>.I_jcb,0,204
Ipsm.Itlquad.I_tst_top<6>.I4<5>.I_jcb,0,205
Ipsm.Itlquad.I_tst_top<6>.I4<6>.I_jcb,0,207
Ipsm.Itlquad.I_tst_top<6>.I4<7>.I_jcb,0,208
Ipsm.Itlquad.I_tst_top<7>.I0<0>.I_jcb,0,209
Ipsm.Itlquad.I_tst_top<7>.I0<1>.I_jcb,0,213
Ipsm.Itlquad.I_tst_top<7>.I0<2>.I_jcb,0,216
Ipsm.Itlquad.I_tst_top<7>.I0<3>.I_jcb,0,220
Ipsm.Itlquad.I_tst_top<7>.I3<0>.I_jcb,0,223
Ipsm.Itlquad.I_tst_top<7>.I3<1>.I_jcb,0,224
Ipsm.Itlquad.I_tst_top<7>.I4<0>.I_jcb,0,226
Ipsm.Itlquad.I_tst_top<7>.I4<1>.I_jcb,0,227
Ipsm.Itlquad.I_tst_top<7>.I4<2>.I_jcb,0,228
Ipsm.Itlquad.I_tst_top<7>.I4<3>.I_jcb,0,229
Ipsm.Itlquad.I_tst_top<7>.I4<4>.I_jcb,0,230
Ipsm.Itlquad.I_tst_top<7>.I4<5>.I_jcb,0,231
Ipsm.Itlquad.I_tst_top<7>.I4<6>.I_jcb,0,233
Ipsm.Itlquad.I_tst_top<7>.I4<7>.I_jcb,0,234
Ipsm.Itlquad.I_tst_top<8>.I0<0>.I_jcb,0,235
Ipsm.Itlquad.I_tst_top<8>.I0<1>.I_jcb,0,239
Ipsm.Itlquad.I_tst_top<8>.I0<2>.I_jcb,0,242
Ipsm.Itlquad.I_tst_top<8>.I0<3>.I_jcb,0,246
Ipsm.Itlquad.I_tst_top<8>.I3<0>.I_jcb,0,249
Ipsm.Itlquad.I_tst_top<8>.I3<1>.I_jcb,0,250
Ipsm.Itlquad.I_tst_top<8>.I4<0>.I_jcb,0,252
Ipsm.Itlquad.I_tst_top<8>.I4<1>.I_jcb,0,253
Ipsm.Itlquad.I_tst_top<8>.I4<2>.I_jcb,0,254
Ipsm.Itlquad.I_tst_top<8>.I4<3>.I_jcb,0,255
Ipsm.Itlquad.I_tst_top<8>.I4<4>.I_jcb,0,256
Ipsm.Itlquad.I_tst_top<8>.I4<5>.I_jcb,0,257
Ipsm.Itlquad.I_tst_top<8>.I4<6>.I_jcb,0,259
Ipsm.Itlquad.I_tst_top<8>.I4<7>.I_jcb,0,260
Ipsm.Itlquad.I_tst_top<9>.I0<0>.I_jcb,0,261
Ipsm.Itlquad.I_tst_top<9>.I0<1>.I_jcb,0,265
Ipsm.Itlquad.I_tst_top<9>.I0<2>.I_jcb,0,268
Ipsm.Itlquad.I_tst_top<9>.I0<3>.I_jcb,0,272
Ipsm.Itlquad.I_tst_top<9>.I3<0>.I_jcb,0,275
Ipsm.Itlquad.I_tst_top<9>.I3<1>.I_jcb,0,276
Ipsm.Itlquad.I_tst_top<9>.I4<0>.I_jcb,0,278
Ipsm.Itlquad.I_tst_top<9>.I4<1>.I_jcb,0,279
Ipsm.Itlquad.I_tst_top<9>.I4<2>.I_jcb,0,280
Ipsm.Itlquad.I_tst_top<9>.I4<3>.I_jcb,0,281
Ipsm.Itlquad.I_tst_top<9>.I4<4>.I_jcb,0,282
Ipsm.Itlquad.I_tst_top<9>.I4<5>.I_jcb,0,283
Ipsm.Itlquad.I_tst_top<9>.I4<6>.I_jcb,0,285
Ipsm.Itlquad.I_tst_top<9>.I4<7>.I_jcb,0,286
Ipsm.Itrquad.I_tst_right<0>.J_H1<0>.I_jcb,30,885
Ipsm.Itrquad.I_tst_right<0>.J_H1<1>.I_jcb,32,885
Ipsm.Itrquad.I_tst_right<0>.J_H1<2>.I_jcb,33,885
Ipsm.Itrquad.I_tst_right<0>.J_H1<3>.I_jcb,35,885
Ipsm.Itrquad.I_tst_right<0>.J_H2<0>.I_jcb,37,885
Ipsm.Itrquad.I_tst_right<0>.J_H2<1>.I_jcb,38,885
Ipsm.Itrquad.I_tst_right<0>.J_H4<0>.I_jcb,40,885
Ipsm.Itrquad.I_tst_right<0>.J_H4<1>.I_jcb,42,885
Ipsm.Itrquad.I_tst_right<0>.J_H4<2>.I_jcb,44,885
Ipsm.Itrquad.I_tst_right<0>.J_H4<3>.I_jcb,46,885
Ipsm.Itrquad.I_tst_right<0>.J_H4<4>.I_jcb,48,885
Ipsm.Itrquad.I_tst_right<0>.J_H4<5>.I_jcb,49,885
Ipsm.Itrquad.I_tst_right<0>.J_H4<6>.I_jcb,52,885
Ipsm.Itrquad.I_tst_right<0>.J_H4<7>.I_jcb,28,885
Ipsm.Itrquad.I_tst_right<10>.J_H1<0>.I_jcb,291,885
Ipsm.Itrquad.I_tst_right<10>.J_H1<1>.I_jcb,293,885
Ipsm.Itrquad.I_tst_right<10>.J_H1<2>.I_jcb,294,885
Ipsm.Itrquad.I_tst_right<10>.J_H1<3>.I_jcb,296,885
Ipsm.Itrquad.I_tst_right<10>.J_H2<0>.I_jcb,298,885
Ipsm.Itrquad.I_tst_right<10>.J_H2<1>.I_jcb,299,885
Ipsm.Itrquad.I_tst_right<10>.J_H4<0>.I_jcb,301,885
Ipsm.Itrquad.I_tst_right<10>.J_H4<1>.I_jcb,303,885
Ipsm.Itrquad.I_tst_right<10>.J_H4<2>.I_jcb,305,885
Ipsm.Itrquad.I_tst_right<10>.J_H4<3>.I_jcb,307,885
Ipsm.Itrquad.I_tst_right<10>.J_H4<4>.I_jcb,309,885
Ipsm.Itrquad.I_tst_right<10>.J_H4<5>.I_jcb,310,885
Ipsm.Itrquad.I_tst_right<10>.J_H4<6>.I_jcb,313,885
Ipsm.Itrquad.I_tst_right<10>.J_H4<7>.I_jcb,289,885
Ipsm.Itrquad.I_tst_right<11>.J_H1<0>.I_jcb,317,885
Ipsm.Itrquad.I_tst_right<11>.J_H1<1>.I_jcb,319,885
Ipsm.Itrquad.I_tst_right<11>.J_H1<2>.I_jcb,320,885
Ipsm.Itrquad.I_tst_right<11>.J_H1<3>.I_jcb,322,885
Ipsm.Itrquad.I_tst_right<11>.J_H2<0>.I_jcb,324,885
Ipsm.Itrquad.I_tst_right<11>.J_H2<1>.I_jcb,325,885
Ipsm.Itrquad.I_tst_right<11>.J_H4<0>.I_jcb,327,885
Ipsm.Itrquad.I_tst_right<11>.J_H4<1>.I_jcb,329,885
Ipsm.Itrquad.I_tst_right<11>.J_H4<2>.I_jcb,331,885
Ipsm.Itrquad.I_tst_right<11>.J_H4<3>.I_jcb,333,885
Ipsm.Itrquad.I_tst_right<11>.J_H4<4>.I_jcb,335,885
Ipsm.Itrquad.I_tst_right<11>.J_H4<5>.I_jcb,336,885
Ipsm.Itrquad.I_tst_right<11>.J_H4<6>.I_jcb,339,885
Ipsm.Itrquad.I_tst_right<11>.J_H4<7>.I_jcb,315,885
Ipsm.Itrquad.I_tst_right<12>.J_H1<0>.I_jcb,343,885
Ipsm.Itrquad.I_tst_right<12>.J_H1<1>.I_jcb,345,885
Ipsm.Itrquad.I_tst_right<12>.J_H1<2>.I_jcb,346,885
Ipsm.Itrquad.I_tst_right<12>.J_H1<3>.I_jcb,348,885
Ipsm.Itrquad.I_tst_right<12>.J_H2<0>.I_jcb,350,885
Ipsm.Itrquad.I_tst_right<12>.J_H2<1>.I_jcb,351,885
Ipsm.Itrquad.I_tst_right<12>.J_H4<0>.I_jcb,353,885
Ipsm.Itrquad.I_tst_right<12>.J_H4<1>.I_jcb,355,885
Ipsm.Itrquad.I_tst_right<12>.J_H4<2>.I_jcb,357,885
Ipsm.Itrquad.I_tst_right<12>.J_H4<3>.I_jcb,359,885
Ipsm.Itrquad.I_tst_right<12>.J_H4<4>.I_jcb,361,885
Ipsm.Itrquad.I_tst_right<12>.J_H4<5>.I_jcb,362,885
Ipsm.Itrquad.I_tst_right<12>.J_H4<6>.I_jcb,365,885
Ipsm.Itrquad.I_tst_right<12>.J_H4<7>.I_jcb,341,885
Ipsm.Itrquad.I_tst_right<13>.J_H1<0>.I_jcb,369,885
Ipsm.Itrquad.I_tst_right<13>.J_H1<1>.I_jcb,371,885
Ipsm.Itrquad.I_tst_right<13>.J_H1<2>.I_jcb,372,885
Ipsm.Itrquad.I_tst_right<13>.J_H1<3>.I_jcb,374,885
Ipsm.Itrquad.I_tst_right<13>.J_H2<0>.I_jcb,376,885
Ipsm.Itrquad.I_tst_right<13>.J_H2<1>.I_jcb,377,885
Ipsm.Itrquad.I_tst_right<13>.J_H4<0>.I_jcb,379,885
Ipsm.Itrquad.I_tst_right<13>.J_H4<1>.I_jcb,381,885
Ipsm.Itrquad.I_tst_right<13>.J_H4<2>.I_jcb,383,885
Ipsm.Itrquad.I_tst_right<13>.J_H4<3>.I_jcb,385,885
Ipsm.Itrquad.I_tst_right<13>.J_H4<4>.I_jcb,387,885
Ipsm.Itrquad.I_tst_right<13>.J_H4<5>.I_jcb,388,885
Ipsm.Itrquad.I_tst_right<13>.J_H4<6>.I_jcb,391,885
Ipsm.Itrquad.I_tst_right<13>.J_H4<7>.I_jcb,367,885
Ipsm.Itrquad.I_tst_right<14>.J_H1<0>.I_jcb,395,885
Ipsm.Itrquad.I_tst_right<14>.J_H1<1>.I_jcb,397,885
Ipsm.Itrquad.I_tst_right<14>.J_H1<2>.I_jcb,398,885
Ipsm.Itrquad.I_tst_right<14>.J_H1<3>.I_jcb,400,885
Ipsm.Itrquad.I_tst_right<14>.J_H2<0>.I_jcb,402,885
Ipsm.Itrquad.I_tst_right<14>.J_H2<1>.I_jcb,403,885
Ipsm.Itrquad.I_tst_right<14>.J_H4<0>.I_jcb,405,885
Ipsm.Itrquad.I_tst_right<14>.J_H4<1>.I_jcb,407,885
Ipsm.Itrquad.I_tst_right<14>.J_H4<2>.I_jcb,409,885
Ipsm.Itrquad.I_tst_right<14>.J_H4<3>.I_jcb,411,885
Ipsm.Itrquad.I_tst_right<14>.J_H4<4>.I_jcb,413,885
Ipsm.Itrquad.I_tst_right<14>.J_H4<5>.I_jcb,414,885
Ipsm.Itrquad.I_tst_right<14>.J_H4<6>.I_jcb,417,885
Ipsm.Itrquad.I_tst_right<14>.J_H4<7>.I_jcb,393,885
Ipsm.Itrquad.I_tst_right<15>.J_H1<0>.I_jcb,421,885
Ipsm.Itrquad.I_tst_right<15>.J_H1<1>.I_jcb,423,885
Ipsm.Itrquad.I_tst_right<15>.J_H1<2>.I_jcb,424,885
Ipsm.Itrquad.I_tst_right<15>.J_H1<3>.I_jcb,426,885
Ipsm.Itrquad.I_tst_right<15>.J_H2<0>.I_jcb,428,885
Ipsm.Itrquad.I_tst_right<15>.J_H2<1>.I_jcb,429,885
Ipsm.Itrquad.I_tst_right<15>.J_H4<0>.I_jcb,431,885
Ipsm.Itrquad.I_tst_right<15>.J_H4<1>.I_jcb,433,885
Ipsm.Itrquad.I_tst_right<15>.J_H4<2>.I_jcb,435,885
Ipsm.Itrquad.I_tst_right<15>.J_H4<3>.I_jcb,437,885
Ipsm.Itrquad.I_tst_right<15>.J_H4<4>.I_jcb,439,885
Ipsm.Itrquad.I_tst_right<15>.J_H4<5>.I_jcb,440,885
Ipsm.Itrquad.I_tst_right<15>.J_H4<6>.I_jcb,443,885
Ipsm.Itrquad.I_tst_right<15>.J_H4<7>.I_jcb,419,885
Ipsm.Itrquad.I_tst_right<1>.J_H1<0>.I_jcb,56,885
Ipsm.Itrquad.I_tst_right<1>.J_H1<1>.I_jcb,58,885
Ipsm.Itrquad.I_tst_right<1>.J_H1<2>.I_jcb,59,885
Ipsm.Itrquad.I_tst_right<1>.J_H1<3>.I_jcb,61,885
Ipsm.Itrquad.I_tst_right<1>.J_H2<0>.I_jcb,63,885
Ipsm.Itrquad.I_tst_right<1>.J_H2<1>.I_jcb,64,885
Ipsm.Itrquad.I_tst_right<1>.J_H4<0>.I_jcb,66,885
Ipsm.Itrquad.I_tst_right<1>.J_H4<1>.I_jcb,68,885
Ipsm.Itrquad.I_tst_right<1>.J_H4<2>.I_jcb,70,885
Ipsm.Itrquad.I_tst_right<1>.J_H4<3>.I_jcb,72,885
Ipsm.Itrquad.I_tst_right<1>.J_H4<4>.I_jcb,74,885
Ipsm.Itrquad.I_tst_right<1>.J_H4<5>.I_jcb,75,885
Ipsm.Itrquad.I_tst_right<1>.J_H4<6>.I_jcb,78,885
Ipsm.Itrquad.I_tst_right<1>.J_H4<7>.I_jcb,54,885
Ipsm.Itrquad.I_tst_right<2>.J_H1<0>.I_jcb,82,885
Ipsm.Itrquad.I_tst_right<2>.J_H1<1>.I_jcb,84,885
Ipsm.Itrquad.I_tst_right<2>.J_H1<2>.I_jcb,85,885
Ipsm.Itrquad.I_tst_right<2>.J_H1<3>.I_jcb,87,885
Ipsm.Itrquad.I_tst_right<2>.J_H2<0>.I_jcb,89,885
Ipsm.Itrquad.I_tst_right<2>.J_H2<1>.I_jcb,90,885
Ipsm.Itrquad.I_tst_right<2>.J_H4<0>.I_jcb,92,885
Ipsm.Itrquad.I_tst_right<2>.J_H4<1>.I_jcb,94,885
Ipsm.Itrquad.I_tst_right<2>.J_H4<2>.I_jcb,96,885
Ipsm.Itrquad.I_tst_right<2>.J_H4<3>.I_jcb,98,885
Ipsm.Itrquad.I_tst_right<2>.J_H4<4>.I_jcb,100,885
Ipsm.Itrquad.I_tst_right<2>.J_H4<5>.I_jcb,101,885
Ipsm.Itrquad.I_tst_right<2>.J_H4<6>.I_jcb,104,885
Ipsm.Itrquad.I_tst_right<2>.J_H4<7>.I_jcb,80,885
Ipsm.Itrquad.I_tst_right<3>.J_H1<0>.I_jcb,108,885
Ipsm.Itrquad.I_tst_right<3>.J_H1<1>.I_jcb,110,885
Ipsm.Itrquad.I_tst_right<3>.J_H1<2>.I_jcb,111,885
Ipsm.Itrquad.I_tst_right<3>.J_H1<3>.I_jcb,113,885
Ipsm.Itrquad.I_tst_right<3>.J_H2<0>.I_jcb,115,885
Ipsm.Itrquad.I_tst_right<3>.J_H2<1>.I_jcb,116,885
Ipsm.Itrquad.I_tst_right<3>.J_H4<0>.I_jcb,118,885
Ipsm.Itrquad.I_tst_right<3>.J_H4<1>.I_jcb,120,885
Ipsm.Itrquad.I_tst_right<3>.J_H4<2>.I_jcb,122,885
Ipsm.Itrquad.I_tst_right<3>.J_H4<3>.I_jcb,124,885
Ipsm.Itrquad.I_tst_right<3>.J_H4<4>.I_jcb,126,885
Ipsm.Itrquad.I_tst_right<3>.J_H4<5>.I_jcb,127,885
Ipsm.Itrquad.I_tst_right<3>.J_H4<6>.I_jcb,130,885
Ipsm.Itrquad.I_tst_right<3>.J_H4<7>.I_jcb,106,885
Ipsm.Itrquad.I_tst_right<4>.J_H1<0>.I_jcb,134,885
Ipsm.Itrquad.I_tst_right<4>.J_H1<1>.I_jcb,136,885
Ipsm.Itrquad.I_tst_right<4>.J_H1<2>.I_jcb,137,885
Ipsm.Itrquad.I_tst_right<4>.J_H1<3>.I_jcb,139,885
Ipsm.Itrquad.I_tst_right<4>.J_H2<0>.I_jcb,141,885
Ipsm.Itrquad.I_tst_right<4>.J_H2<1>.I_jcb,142,885
Ipsm.Itrquad.I_tst_right<4>.J_H4<0>.I_jcb,144,885
Ipsm.Itrquad.I_tst_right<4>.J_H4<1>.I_jcb,146,885
Ipsm.Itrquad.I_tst_right<4>.J_H4<2>.I_jcb,148,885
Ipsm.Itrquad.I_tst_right<4>.J_H4<3>.I_jcb,150,885
Ipsm.Itrquad.I_tst_right<4>.J_H4<4>.I_jcb,152,885
Ipsm.Itrquad.I_tst_right<4>.J_H4<5>.I_jcb,153,885
Ipsm.Itrquad.I_tst_right<4>.J_H4<6>.I_jcb,156,885
Ipsm.Itrquad.I_tst_right<4>.J_H4<7>.I_jcb,132,885
Ipsm.Itrquad.I_tst_right<5>.J_H1<0>.I_jcb,160,885
Ipsm.Itrquad.I_tst_right<5>.J_H1<1>.I_jcb,162,885
Ipsm.Itrquad.I_tst_right<5>.J_H1<2>.I_jcb,163,885
Ipsm.Itrquad.I_tst_right<5>.J_H1<3>.I_jcb,165,885
Ipsm.Itrquad.I_tst_right<5>.J_H2<0>.I_jcb,167,885
Ipsm.Itrquad.I_tst_right<5>.J_H2<1>.I_jcb,168,885
Ipsm.Itrquad.I_tst_right<5>.J_H4<0>.I_jcb,170,885
Ipsm.Itrquad.I_tst_right<5>.J_H4<1>.I_jcb,172,885
Ipsm.Itrquad.I_tst_right<5>.J_H4<2>.I_jcb,174,885
Ipsm.Itrquad.I_tst_right<5>.J_H4<3>.I_jcb,176,885
Ipsm.Itrquad.I_tst_right<5>.J_H4<4>.I_jcb,178,885
Ipsm.Itrquad.I_tst_right<5>.J_H4<5>.I_jcb,179,885
Ipsm.Itrquad.I_tst_right<5>.J_H4<6>.I_jcb,182,885
Ipsm.Itrquad.I_tst_right<5>.J_H4<7>.I_jcb,158,885
Ipsm.Itrquad.I_tst_right<6>.J_H1<0>.I_jcb,186,885
Ipsm.Itrquad.I_tst_right<6>.J_H1<1>.I_jcb,188,885
Ipsm.Itrquad.I_tst_right<6>.J_H1<2>.I_jcb,189,885
Ipsm.Itrquad.I_tst_right<6>.J_H1<3>.I_jcb,191,885
Ipsm.Itrquad.I_tst_right<6>.J_H2<0>.I_jcb,193,885
Ipsm.Itrquad.I_tst_right<6>.J_H2<1>.I_jcb,194,885
Ipsm.Itrquad.I_tst_right<6>.J_H4<0>.I_jcb,196,885
Ipsm.Itrquad.I_tst_right<6>.J_H4<1>.I_jcb,198,885
Ipsm.Itrquad.I_tst_right<6>.J_H4<2>.I_jcb,200,885
Ipsm.Itrquad.I_tst_right<6>.J_H4<3>.I_jcb,202,885
Ipsm.Itrquad.I_tst_right<6>.J_H4<4>.I_jcb,204,885
Ipsm.Itrquad.I_tst_right<6>.J_H4<5>.I_jcb,205,885
Ipsm.Itrquad.I_tst_right<6>.J_H4<6>.I_jcb,208,885
Ipsm.Itrquad.I_tst_right<6>.J_H4<7>.I_jcb,184,885
Ipsm.Itrquad.I_tst_right<7>.J_H1<0>.I_jcb,212,885
Ipsm.Itrquad.I_tst_right<7>.J_H1<1>.I_jcb,214,885
Ipsm.Itrquad.I_tst_right<7>.J_H1<2>.I_jcb,215,885
Ipsm.Itrquad.I_tst_right<7>.J_H1<3>.I_jcb,217,885
Ipsm.Itrquad.I_tst_right<7>.J_H2<0>.I_jcb,219,885
Ipsm.Itrquad.I_tst_right<7>.J_H2<1>.I_jcb,220,885
Ipsm.Itrquad.I_tst_right<7>.J_H4<0>.I_jcb,222,885
Ipsm.Itrquad.I_tst_right<7>.J_H4<1>.I_jcb,224,885
Ipsm.Itrquad.I_tst_right<7>.J_H4<2>.I_jcb,226,885
Ipsm.Itrquad.I_tst_right<7>.J_H4<3>.I_jcb,228,885
Ipsm.Itrquad.I_tst_right<7>.J_H4<4>.I_jcb,230,885
Ipsm.Itrquad.I_tst_right<7>.J_H4<5>.I_jcb,231,885
Ipsm.Itrquad.I_tst_right<7>.J_H4<6>.I_jcb,234,885
Ipsm.Itrquad.I_tst_right<7>.J_H4<7>.I_jcb,210,885
Ipsm.Itrquad.I_tst_right<8>.J_H1<0>.I_jcb,239,885
Ipsm.Itrquad.I_tst_right<8>.J_H1<1>.I_jcb,241,885
Ipsm.Itrquad.I_tst_right<8>.J_H1<2>.I_jcb,242,885
Ipsm.Itrquad.I_tst_right<8>.J_H1<3>.I_jcb,244,885
Ipsm.Itrquad.I_tst_right<8>.J_H2<0>.I_jcb,246,885
Ipsm.Itrquad.I_tst_right<8>.J_H2<1>.I_jcb,247,885
Ipsm.Itrquad.I_tst_right<8>.J_H4<0>.I_jcb,249,885
Ipsm.Itrquad.I_tst_right<8>.J_H4<1>.I_jcb,251,885
Ipsm.Itrquad.I_tst_right<8>.J_H4<2>.I_jcb,253,885
Ipsm.Itrquad.I_tst_right<8>.J_H4<3>.I_jcb,255,885
Ipsm.Itrquad.I_tst_right<8>.J_H4<4>.I_jcb,257,885
Ipsm.Itrquad.I_tst_right<8>.J_H4<5>.I_jcb,258,885
Ipsm.Itrquad.I_tst_right<8>.J_H4<6>.I_jcb,261,885
Ipsm.Itrquad.I_tst_right<8>.J_H4<7>.I_jcb,237,885
Ipsm.Itrquad.I_tst_right<9>.J_H1<0>.I_jcb,265,885
Ipsm.Itrquad.I_tst_right<9>.J_H1<1>.I_jcb,267,885
Ipsm.Itrquad.I_tst_right<9>.J_H1<2>.I_jcb,268,885
Ipsm.Itrquad.I_tst_right<9>.J_H1<3>.I_jcb,270,885
Ipsm.Itrquad.I_tst_right<9>.J_H2<0>.I_jcb,272,885
Ipsm.Itrquad.I_tst_right<9>.J_H2<1>.I_jcb,273,885
Ipsm.Itrquad.I_tst_right<9>.J_H4<0>.I_jcb,275,885
Ipsm.Itrquad.I_tst_right<9>.J_H4<1>.I_jcb,277,885
Ipsm.Itrquad.I_tst_right<9>.J_H4<2>.I_jcb,279,885
Ipsm.Itrquad.I_tst_right<9>.J_H4<3>.I_jcb,281,885
Ipsm.Itrquad.I_tst_right<9>.J_H4<4>.I_jcb,283,885
Ipsm.Itrquad.I_tst_right<9>.J_H4<5>.I_jcb,284,885
Ipsm.Itrquad.I_tst_right<9>.J_H4<6>.I_jcb,287,885
Ipsm.Itrquad.I_tst_right<9>.J_H4<7>.I_jcb,263,885
Ipsm.Itrquad.I_tst_rt.J_H1<0>.I_jcb,4,859
Ipsm.Itrquad.I_tst_rt.J_H1<1>.I_jcb,6,859
Ipsm.Itrquad.I_tst_rt.J_H1<2>.I_jcb,7,859
Ipsm.Itrquad.I_tst_rt.J_H1<3>.I_jcb,9,859
Ipsm.Itrquad.I_tst_rt.J_H2<0>.I_jcb,11,859
Ipsm.Itrquad.I_tst_rt.J_H2<1>.I_jcb,12,859
Ipsm.Itrquad.I_tst_rt.J_H4<0>.I_jcb,14,859
Ipsm.Itrquad.I_tst_rt.J_H4<1>.I_jcb,16,859
Ipsm.Itrquad.I_tst_rt.J_H4<2>.I_jcb,18,859
Ipsm.Itrquad.I_tst_rt.J_H4<3>.I_jcb,20,859
Ipsm.Itrquad.I_tst_rt.J_H4<4>.I_jcb,22,859
Ipsm.Itrquad.I_tst_rt.J_H4<5>.I_jcb,23,859
Ipsm.Itrquad.I_tst_rt.J_H4<6>.I_jcb,26,859
Ipsm.Itrquad.I_tst_rt.J_H4<7>.I_jcb,2,859
Ipsm.Itrquad.I_tst_top<0>.I0<0>.I_jcb,0,443
Ipsm.Itrquad.I_tst_top<0>.I0<1>.I_jcb,0,447
Ipsm.Itrquad.I_tst_top<0>.I0<2>.I_jcb,0,450
Ipsm.Itrquad.I_tst_top<0>.I0<3>.I_jcb,0,454
Ipsm.Itrquad.I_tst_top<0>.I3<0>.I_jcb,0,457
Ipsm.Itrquad.I_tst_top<0>.I3<1>.I_jcb,0,458
Ipsm.Itrquad.I_tst_top<0>.I4<0>.I_jcb,0,460
Ipsm.Itrquad.I_tst_top<0>.I4<1>.I_jcb,0,461
Ipsm.Itrquad.I_tst_top<0>.I4<2>.I_jcb,0,462
Ipsm.Itrquad.I_tst_top<0>.I4<3>.I_jcb,0,463
Ipsm.Itrquad.I_tst_top<0>.I4<4>.I_jcb,0,464
Ipsm.Itrquad.I_tst_top<0>.I4<5>.I_jcb,0,465
Ipsm.Itrquad.I_tst_top<0>.I4<6>.I_jcb,0,467
Ipsm.Itrquad.I_tst_top<0>.I4<7>.I_jcb,0,468
Ipsm.Itrquad.I_tst_top<10>.I0<0>.I_jcb,0,703
Ipsm.Itrquad.I_tst_top<10>.I0<1>.I_jcb,0,707
Ipsm.Itrquad.I_tst_top<10>.I0<2>.I_jcb,0,710
Ipsm.Itrquad.I_tst_top<10>.I0<3>.I_jcb,0,714
Ipsm.Itrquad.I_tst_top<10>.I3<0>.I_jcb,0,717
Ipsm.Itrquad.I_tst_top<10>.I3<1>.I_jcb,0,718
Ipsm.Itrquad.I_tst_top<10>.I4<0>.I_jcb,0,720
Ipsm.Itrquad.I_tst_top<10>.I4<1>.I_jcb,0,721
Ipsm.Itrquad.I_tst_top<10>.I4<2>.I_jcb,0,722
Ipsm.Itrquad.I_tst_top<10>.I4<3>.I_jcb,0,723
Ipsm.Itrquad.I_tst_top<10>.I4<4>.I_jcb,0,724
Ipsm.Itrquad.I_tst_top<10>.I4<5>.I_jcb,0,725
Ipsm.Itrquad.I_tst_top<10>.I4<6>.I_jcb,0,727
Ipsm.Itrquad.I_tst_top<10>.I4<7>.I_jcb,0,728
Ipsm.Itrquad.I_tst_top<11>.I0<0>.I_jcb,0,729
Ipsm.Itrquad.I_tst_top<11>.I0<1>.I_jcb,0,733
Ipsm.Itrquad.I_tst_top<11>.I0<2>.I_jcb,0,736
Ipsm.Itrquad.I_tst_top<11>.I0<3>.I_jcb,0,740
Ipsm.Itrquad.I_tst_top<11>.I3<0>.I_jcb,0,743
Ipsm.Itrquad.I_tst_top<11>.I3<1>.I_jcb,0,744
Ipsm.Itrquad.I_tst_top<11>.I4<0>.I_jcb,0,746
Ipsm.Itrquad.I_tst_top<11>.I4<1>.I_jcb,0,747
Ipsm.Itrquad.I_tst_top<11>.I4<2>.I_jcb,0,748
Ipsm.Itrquad.I_tst_top<11>.I4<3>.I_jcb,0,749
Ipsm.Itrquad.I_tst_top<11>.I4<4>.I_jcb,0,750
Ipsm.Itrquad.I_tst_top<11>.I4<5>.I_jcb,0,751
Ipsm.Itrquad.I_tst_top<11>.I4<6>.I_jcb,0,753
Ipsm.Itrquad.I_tst_top<11>.I4<7>.I_jcb,0,754
Ipsm.Itrquad.I_tst_top<12>.I0<0>.I_jcb,0,755
Ipsm.Itrquad.I_tst_top<12>.I0<1>.I_jcb,0,759
Ipsm.Itrquad.I_tst_top<12>.I0<2>.I_jcb,0,762
Ipsm.Itrquad.I_tst_top<12>.I0<3>.I_jcb,0,766
Ipsm.Itrquad.I_tst_top<12>.I3<0>.I_jcb,0,769
Ipsm.Itrquad.I_tst_top<12>.I3<1>.I_jcb,0,770
Ipsm.Itrquad.I_tst_top<12>.I4<0>.I_jcb,0,772
Ipsm.Itrquad.I_tst_top<12>.I4<1>.I_jcb,0,773
Ipsm.Itrquad.I_tst_top<12>.I4<2>.I_jcb,0,774
Ipsm.Itrquad.I_tst_top<12>.I4<3>.I_jcb,0,775
Ipsm.Itrquad.I_tst_top<12>.I4<4>.I_jcb,0,776
Ipsm.Itrquad.I_tst_top<12>.I4<5>.I_jcb,0,777
Ipsm.Itrquad.I_tst_top<12>.I4<6>.I_jcb,0,779
Ipsm.Itrquad.I_tst_top<12>.I4<7>.I_jcb,0,780
Ipsm.Itrquad.I_tst_top<13>.I0<0>.I_jcb,0,781
Ipsm.Itrquad.I_tst_top<13>.I0<1>.I_jcb,0,785
Ipsm.Itrquad.I_tst_top<13>.I0<2>.I_jcb,0,788
Ipsm.Itrquad.I_tst_top<13>.I0<3>.I_jcb,0,792
Ipsm.Itrquad.I_tst_top<13>.I3<0>.I_jcb,0,795
Ipsm.Itrquad.I_tst_top<13>.I3<1>.I_jcb,0,796
Ipsm.Itrquad.I_tst_top<13>.I4<0>.I_jcb,0,798
Ipsm.Itrquad.I_tst_top<13>.I4<1>.I_jcb,0,799
Ipsm.Itrquad.I_tst_top<13>.I4<2>.I_jcb,0,800
Ipsm.Itrquad.I_tst_top<13>.I4<3>.I_jcb,0,801
Ipsm.Itrquad.I_tst_top<13>.I4<4>.I_jcb,0,802
Ipsm.Itrquad.I_tst_top<13>.I4<5>.I_jcb,0,803
Ipsm.Itrquad.I_tst_top<13>.I4<6>.I_jcb,0,805
Ipsm.Itrquad.I_tst_top<13>.I4<7>.I_jcb,0,806
Ipsm.Itrquad.I_tst_top<14>.I0<0>.I_jcb,0,807
Ipsm.Itrquad.I_tst_top<14>.I0<1>.I_jcb,0,811
Ipsm.Itrquad.I_tst_top<14>.I0<2>.I_jcb,0,814
Ipsm.Itrquad.I_tst_top<14>.I0<3>.I_jcb,0,818
Ipsm.Itrquad.I_tst_top<14>.I3<0>.I_jcb,0,821
Ipsm.Itrquad.I_tst_top<14>.I3<1>.I_jcb,0,822
Ipsm.Itrquad.I_tst_top<14>.I4<0>.I_jcb,0,824
Ipsm.Itrquad.I_tst_top<14>.I4<1>.I_jcb,0,825
Ipsm.Itrquad.I_tst_top<14>.I4<2>.I_jcb,0,826
Ipsm.Itrquad.I_tst_top<14>.I4<3>.I_jcb,0,827
Ipsm.Itrquad.I_tst_top<14>.I4<4>.I_jcb,0,828
Ipsm.Itrquad.I_tst_top<14>.I4<5>.I_jcb,0,829
Ipsm.Itrquad.I_tst_top<14>.I4<6>.I_jcb,0,831
Ipsm.Itrquad.I_tst_top<14>.I4<7>.I_jcb,0,832
Ipsm.Itrquad.I_tst_top<15>.I0<0>.I_jcb,0,833
Ipsm.Itrquad.I_tst_top<15>.I0<1>.I_jcb,0,837
Ipsm.Itrquad.I_tst_top<15>.I0<2>.I_jcb,0,840
Ipsm.Itrquad.I_tst_top<15>.I0<3>.I_jcb,0,844
Ipsm.Itrquad.I_tst_top<15>.I3<0>.I_jcb,0,847
Ipsm.Itrquad.I_tst_top<15>.I3<1>.I_jcb,0,848
Ipsm.Itrquad.I_tst_top<15>.I4<0>.I_jcb,0,850
Ipsm.Itrquad.I_tst_top<15>.I4<1>.I_jcb,0,851
Ipsm.Itrquad.I_tst_top<15>.I4<2>.I_jcb,0,852
Ipsm.Itrquad.I_tst_top<15>.I4<3>.I_jcb,0,853
Ipsm.Itrquad.I_tst_top<15>.I4<4>.I_jcb,0,854
Ipsm.Itrquad.I_tst_top<15>.I4<5>.I_jcb,0,855
Ipsm.Itrquad.I_tst_top<15>.I4<6>.I_jcb,0,857
Ipsm.Itrquad.I_tst_top<15>.I4<7>.I_jcb,0,858
Ipsm.Itrquad.I_tst_top<1>.I0<0>.I_jcb,0,469
Ipsm.Itrquad.I_tst_top<1>.I0<1>.I_jcb,0,473
Ipsm.Itrquad.I_tst_top<1>.I0<2>.I_jcb,0,476
Ipsm.Itrquad.I_tst_top<1>.I0<3>.I_jcb,0,480
Ipsm.Itrquad.I_tst_top<1>.I3<0>.I_jcb,0,483
Ipsm.Itrquad.I_tst_top<1>.I3<1>.I_jcb,0,484
Ipsm.Itrquad.I_tst_top<1>.I4<0>.I_jcb,0,486
Ipsm.Itrquad.I_tst_top<1>.I4<1>.I_jcb,0,487
Ipsm.Itrquad.I_tst_top<1>.I4<2>.I_jcb,0,488
Ipsm.Itrquad.I_tst_top<1>.I4<3>.I_jcb,0,489
Ipsm.Itrquad.I_tst_top<1>.I4<4>.I_jcb,0,490
Ipsm.Itrquad.I_tst_top<1>.I4<5>.I_jcb,0,491
Ipsm.Itrquad.I_tst_top<1>.I4<6>.I_jcb,0,493
Ipsm.Itrquad.I_tst_top<1>.I4<7>.I_jcb,0,494
Ipsm.Itrquad.I_tst_top<2>.I0<0>.I_jcb,0,495
Ipsm.Itrquad.I_tst_top<2>.I0<1>.I_jcb,0,499
Ipsm.Itrquad.I_tst_top<2>.I0<2>.I_jcb,0,502
Ipsm.Itrquad.I_tst_top<2>.I0<3>.I_jcb,0,506
Ipsm.Itrquad.I_tst_top<2>.I3<0>.I_jcb,0,509
Ipsm.Itrquad.I_tst_top<2>.I3<1>.I_jcb,0,510
Ipsm.Itrquad.I_tst_top<2>.I4<0>.I_jcb,0,512
Ipsm.Itrquad.I_tst_top<2>.I4<1>.I_jcb,0,513
Ipsm.Itrquad.I_tst_top<2>.I4<2>.I_jcb,0,514
Ipsm.Itrquad.I_tst_top<2>.I4<3>.I_jcb,0,515
Ipsm.Itrquad.I_tst_top<2>.I4<4>.I_jcb,0,516
Ipsm.Itrquad.I_tst_top<2>.I4<5>.I_jcb,0,517
Ipsm.Itrquad.I_tst_top<2>.I4<6>.I_jcb,0,519
Ipsm.Itrquad.I_tst_top<2>.I4<7>.I_jcb,0,520
Ipsm.Itrquad.I_tst_top<3>.I0<0>.I_jcb,0,521
Ipsm.Itrquad.I_tst_top<3>.I0<1>.I_jcb,0,525
Ipsm.Itrquad.I_tst_top<3>.I0<2>.I_jcb,0,528
Ipsm.Itrquad.I_tst_top<3>.I0<3>.I_jcb,0,532
Ipsm.Itrquad.I_tst_top<3>.I3<0>.I_jcb,0,535
Ipsm.Itrquad.I_tst_top<3>.I3<1>.I_jcb,0,536
Ipsm.Itrquad.I_tst_top<3>.I4<0>.I_jcb,0,538
Ipsm.Itrquad.I_tst_top<3>.I4<1>.I_jcb,0,539
Ipsm.Itrquad.I_tst_top<3>.I4<2>.I_jcb,0,540
Ipsm.Itrquad.I_tst_top<3>.I4<3>.I_jcb,0,541
Ipsm.Itrquad.I_tst_top<3>.I4<4>.I_jcb,0,542
Ipsm.Itrquad.I_tst_top<3>.I4<5>.I_jcb,0,543
Ipsm.Itrquad.I_tst_top<3>.I4<6>.I_jcb,0,545
Ipsm.Itrquad.I_tst_top<3>.I4<7>.I_jcb,0,546
Ipsm.Itrquad.I_tst_top<4>.I0<0>.I_jcb,0,547
Ipsm.Itrquad.I_tst_top<4>.I0<1>.I_jcb,0,551
Ipsm.Itrquad.I_tst_top<4>.I0<2>.I_jcb,0,554
Ipsm.Itrquad.I_tst_top<4>.I0<3>.I_jcb,0,558
Ipsm.Itrquad.I_tst_top<4>.I3<0>.I_jcb,0,561
Ipsm.Itrquad.I_tst_top<4>.I3<1>.I_jcb,0,562
Ipsm.Itrquad.I_tst_top<4>.I4<0>.I_jcb,0,564
Ipsm.Itrquad.I_tst_top<4>.I4<1>.I_jcb,0,565
Ipsm.Itrquad.I_tst_top<4>.I4<2>.I_jcb,0,566
Ipsm.Itrquad.I_tst_top<4>.I4<3>.I_jcb,0,567
Ipsm.Itrquad.I_tst_top<4>.I4<4>.I_jcb,0,568
Ipsm.Itrquad.I_tst_top<4>.I4<5>.I_jcb,0,569
Ipsm.Itrquad.I_tst_top<4>.I4<6>.I_jcb,0,571
Ipsm.Itrquad.I_tst_top<4>.I4<7>.I_jcb,0,572
Ipsm.Itrquad.I_tst_top<5>.I0<0>.I_jcb,0,573
Ipsm.Itrquad.I_tst_top<5>.I0<1>.I_jcb,0,577
Ipsm.Itrquad.I_tst_top<5>.I0<2>.I_jcb,0,580
Ipsm.Itrquad.I_tst_top<5>.I0<3>.I_jcb,0,584
Ipsm.Itrquad.I_tst_top<5>.I3<0>.I_jcb,0,587
Ipsm.Itrquad.I_tst_top<5>.I3<1>.I_jcb,0,588
Ipsm.Itrquad.I_tst_top<5>.I4<0>.I_jcb,0,590
Ipsm.Itrquad.I_tst_top<5>.I4<1>.I_jcb,0,591
Ipsm.Itrquad.I_tst_top<5>.I4<2>.I_jcb,0,592
Ipsm.Itrquad.I_tst_top<5>.I4<3>.I_jcb,0,593
Ipsm.Itrquad.I_tst_top<5>.I4<4>.I_jcb,0,594
Ipsm.Itrquad.I_tst_top<5>.I4<5>.I_jcb,0,595
Ipsm.Itrquad.I_tst_top<5>.I4<6>.I_jcb,0,597
Ipsm.Itrquad.I_tst_top<5>.I4<7>.I_jcb,0,598
Ipsm.Itrquad.I_tst_top<6>.I0<0>.I_jcb,0,599
Ipsm.Itrquad.I_tst_top<6>.I0<1>.I_jcb,0,603
Ipsm.Itrquad.I_tst_top<6>.I0<2>.I_jcb,0,606
Ipsm.Itrquad.I_tst_top<6>.I0<3>.I_jcb,0,610
Ipsm.Itrquad.I_tst_top<6>.I3<0>.I_jcb,0,613
Ipsm.Itrquad.I_tst_top<6>.I3<1>.I_jcb,0,614
Ipsm.Itrquad.I_tst_top<6>.I4<0>.I_jcb,0,616
Ipsm.Itrquad.I_tst_top<6>.I4<1>.I_jcb,0,617
Ipsm.Itrquad.I_tst_top<6>.I4<2>.I_jcb,0,618
Ipsm.Itrquad.I_tst_top<6>.I4<3>.I_jcb,0,619
Ipsm.Itrquad.I_tst_top<6>.I4<4>.I_jcb,0,620
Ipsm.Itrquad.I_tst_top<6>.I4<5>.I_jcb,0,621
Ipsm.Itrquad.I_tst_top<6>.I4<6>.I_jcb,0,623
Ipsm.Itrquad.I_tst_top<6>.I4<7>.I_jcb,0,624
Ipsm.Itrquad.I_tst_top<7>.I0<0>.I_jcb,0,625
Ipsm.Itrquad.I_tst_top<7>.I0<1>.I_jcb,0,629
Ipsm.Itrquad.I_tst_top<7>.I0<2>.I_jcb,0,632
Ipsm.Itrquad.I_tst_top<7>.I0<3>.I_jcb,0,636
Ipsm.Itrquad.I_tst_top<7>.I3<0>.I_jcb,0,639
Ipsm.Itrquad.I_tst_top<7>.I3<1>.I_jcb,0,640
Ipsm.Itrquad.I_tst_top<7>.I4<0>.I_jcb,0,642
Ipsm.Itrquad.I_tst_top<7>.I4<1>.I_jcb,0,643
Ipsm.Itrquad.I_tst_top<7>.I4<2>.I_jcb,0,644
Ipsm.Itrquad.I_tst_top<7>.I4<3>.I_jcb,0,645
Ipsm.Itrquad.I_tst_top<7>.I4<4>.I_jcb,0,646
Ipsm.Itrquad.I_tst_top<7>.I4<5>.I_jcb,0,647
Ipsm.Itrquad.I_tst_top<7>.I4<6>.I_jcb,0,649
Ipsm.Itrquad.I_tst_top<7>.I4<7>.I_jcb,0,650
Ipsm.Itrquad.I_tst_top<8>.I0<0>.I_jcb,0,651
Ipsm.Itrquad.I_tst_top<8>.I0<1>.I_jcb,0,655
Ipsm.Itrquad.I_tst_top<8>.I0<2>.I_jcb,0,658
Ipsm.Itrquad.I_tst_top<8>.I0<3>.I_jcb,0,662
Ipsm.Itrquad.I_tst_top<8>.I3<0>.I_jcb,0,665
Ipsm.Itrquad.I_tst_top<8>.I3<1>.I_jcb,0,666
Ipsm.Itrquad.I_tst_top<8>.I4<0>.I_jcb,0,668
Ipsm.Itrquad.I_tst_top<8>.I4<1>.I_jcb,0,669
Ipsm.Itrquad.I_tst_top<8>.I4<2>.I_jcb,0,670
Ipsm.Itrquad.I_tst_top<8>.I4<3>.I_jcb,0,671
Ipsm.Itrquad.I_tst_top<8>.I4<4>.I_jcb,0,672
Ipsm.Itrquad.I_tst_top<8>.I4<5>.I_jcb,0,673
Ipsm.Itrquad.I_tst_top<8>.I4<6>.I_jcb,0,675
Ipsm.Itrquad.I_tst_top<8>.I4<7>.I_jcb,0,676
Ipsm.Itrquad.I_tst_top<9>.I0<0>.I_jcb,0,677
Ipsm.Itrquad.I_tst_top<9>.I0<1>.I_jcb,0,681
Ipsm.Itrquad.I_tst_top<9>.I0<2>.I_jcb,0,684
Ipsm.Itrquad.I_tst_top<9>.I0<3>.I_jcb,0,688
Ipsm.Itrquad.I_tst_top<9>.I3<0>.I_jcb,0,691
Ipsm.Itrquad.I_tst_top<9>.I3<1>.I_jcb,0,692
Ipsm.Itrquad.I_tst_top<9>.I4<0>.I_jcb,0,694
Ipsm.Itrquad.I_tst_top<9>.I4<1>.I_jcb,0,695
Ipsm.Itrquad.I_tst_top<9>.I4<2>.I_jcb,0,696
Ipsm.Itrquad.I_tst_top<9>.I4<3>.I_jcb,0,697
Ipsm.Itrquad.I_tst_top<9>.I4<4>.I_jcb,0,698
Ipsm.Itrquad.I_tst_top<9>.I4<5>.I_jcb,0,699
Ipsm.Itrquad.I_tst_top<9>.I4<6>.I_jcb,0,701
Ipsm.Itrquad.I_tst_top<9>.I4<7>.I_jcb,0,702
Ipsm.Itrquad.I_tst_tr.I0<0>.I_jcb,26,860
Ipsm.Itrquad.I_tst_tr.I0<1>.I_jcb,26,863
Ipsm.Itrquad.I_tst_tr.I0<2>.I_jcb,26,866
Ipsm.Itrquad.I_tst_tr.I0<3>.I_jcb,26,870
Ipsm.Itrquad.I_tst_tr.I3<0>.I_jcb,26,873
Ipsm.Itrquad.I_tst_tr.I3<1>.I_jcb,26,874
Ipsm.Itrquad.I_tst_tr.I4<0>.I_jcb,26,876
Ipsm.Itrquad.I_tst_tr.I4<1>.I_jcb,26,877
Ipsm.Itrquad.I_tst_tr.I4<2>.I_jcb,26,878
Ipsm.Itrquad.I_tst_tr.I4<3>.I_jcb,26,879
Ipsm.Itrquad.I_tst_tr.I4<4>.I_jcb,26,880
Ipsm.Itrquad.I_tst_tr.I4<5>.I_jcb,26,881
Ipsm.Itrquad.I_tst_tr.I4<6>.I_jcb,26,883
Ipsm.Itrquad.I_tst_tr.I4<7>.I_jcb,26,884
